object_id,aligned_type
"1948,0716.30",Figure
As.3593,abacus
"As,SLMisc.594",abacus
OA+.6644,abacus
"2019,4106.1",abacus
"As,SLMisc.552.b",steelyard-case / abacus
"2001,0618.1",abacus
"1909,0611.1",abacus
"1907,1105.2",acroterion
OA+.152,acroterion
"1938,0524.6",acroterion
MAS.1073,acroterion
OA+.151,acroterion
"2014,4004.11",admission-ticket / souvenir
"2014,4004.12",admission-ticket / souvenir
"2005,0414.1",admission-ticket
"2014,4004.10",admission-ticket / souvenir
"2014,4004.9",admission-ticket / souvenir
"2015,4055.1",admission-ticket
"2014,4034.8",souvenir / admission-ticket
"2015,4094.1",admission-ticket
"2009,4182.4",admission-ticket
"2015,4094.2",admission-ticket
"1993,0813,0.1",Print
"1991,0219,0.11.1-3",Print
"1986,0319,0.44",decorated paper / advertisement
"As1906,1226.29",adze
"1979,1012.4",adze
"1979,1012.1",adze
"1979,1012.39",adze
"1979,1012.28",adze
"1979,1012.5",adze
"1979,1012.9",adze
"1979,1012.23",adze
"1979,1012.7",adze
"1979,1012.14",adze
"1979,1012.27",adze
"1959,0216.15",adze
As.7097,tool/implement / adze
OA+.3873,adze
"1979,1012.8",adze
OA+.3874,adze
As.7104,adze
OA+.3872,adze
OA+.3880,adze
As.7093,adze
OA+.3878,adze
"1979,1012.24",adze
"1979,1012.18",adze
"1979,1012.19",adze
"1979,1012.20",adze
"1959,0216.16",adze
"1979,1012.6",adze
"1979,1012.36",adze
"1979,1012.32",adze
"1979,1012.2",adze
"1950,0405.18",adze
"1979,1012.3",adze
"1979,1012.33",adze
"1979,1012.11",adze
"1979,1012.12",adze
"1979,1012.13",adze
"1979,1012.26",adze
"2018,6015.6",adze
"As1925,0615.1",adze
"1979,1012.10",adze
As.7098,adze
OA+.3875,adze
OA+.3881,adze
As.7094,adze / axe
OA+.3879,adze
As.7095,adze
"1979,1012.21",adze
"1979,1012.15",adze
"1979,1012.34",adze
"1963,1014.6",adze
"1979,1012.22",adze
As.7099,adze
"1979,1012.16",adze
"1979,1012.35",adze
"1979,1012.29",adze
"1979,1012.17",adze
"1979,1012.30",adze
"1979,1012.43",adze
"1979,1012.37",adze
"1979,1012.31",adze
"1979,1012.25",adze
"1926,1204.24",aeolipile
"1936,1007.2",aeolipile
"1936,1007.5",aeolipile
"1913,0721.7",aeolipile
"1936,1007.3",aeolipile
"1905,0518.75.a-b",akor
Franks.807,albarello
"1962,1231,0.5.1-28",Painting
"1869,0508,0.1",Painting
"1948,0710,0.34.16",Painting
"1934,0512,0.1.1-16",Print
"1986,0313,0.1.137",Print
"1986,0313,0.1.208",Print
5cc48dc5a511,Plant
8831d3c5f3a9,Plant
20858,Vessel
20886,Vessel
20866,Vessel
227129,Ceramic
226957,Sculpture
227529,Painting
226910,Ceramic
226110,Work on Paper
226109,Work on Paper
226111,Work on Paper
225895,Work on Paper
225876,Sculpture
226553,Installation
225893,Textile
225904,Painting
226669,Painting
227531,Painting
226696,Painting
225896,Furnishing
226384,Furnishing
225867,collectionObject
226061,Painting
226064,Painting
226063,Painting
225881,Vessel
225892,Photograph
225495,Textile
225769,Furniture
225658,Sculpture
226382,Photograph
226383,Photograph
225656,Painting
225877,Screen
226551,Painting
225861,Signage
226575,Painting
226920,Sculpture
225894,Work on Paper
226695,Work on Paper
226206,Furnishing
225768,Furniture
225929,Sculpture
226487,Media art
225513,Media art
225429,Painting
225000,Print
224943,Media art
225738,Sculpture
225139,Sculpture
225001,Print
225296,Painting
225515,Print
225427,Painting
225518,Fire/Heat
225759,Painting
225294,Photograph
225758,Painting
225910,Vessel
225767,Painting
225761,Painting
225760,Painting
225764,Painting
225762,Painting
225765,Painting
225763,Painting
225766,Painting
225497,Painting
225860,Sculpture
225292,Relief
226701,Photograph
225287,Painting
226599,Media art
226511,Media art
225871,Sculpture
225425,Sculpture
225728,Print
225521,Painting
225537,Painting
225514,Painting
226907,Sculpture
226912,Photograph
225650,Carrier
225013,Sculpture
224999,Sculpture
225773,Furnishing
226922,Photograph
225771,Sculpture
225887,Sculpture
225039,Painting
225038,Textile
225071,Photograph
225049,Media art
225046,Installation
225053,Sculpture
225048,Media art
224941,Work on Paper
225488,Media art
225646,Work on Paper
225050,Media art
224897,Painting
225770,Furnishing
225434,Ceramic
225041,Media art
225030,Work on Paper
225032,Painting
225519,Relief
225878,Ceramic
225035,Media art
225967,Sculpture
225034,Painting
225754,Sculpture
225753,Sculpture
225804,Painting
226911,Photograph
226913,Media art
226956,Sculpture
226914,Photograph
224946,Ceramic
225470,Furnishing
227519,Painting
225879,Sculpture
224995,Print
225866,Sculpture
225282,Work on Paper
224802,Photograph
224876,Photograph
224940,Media art
224801,Painting
225027,Textile
224805,Collage
224873,Photograph
224869,Media art
225052,Photograph
224875,Photograph
225047,Sculpture
224930,Photograph
224894,Painting
224877,Photograph
225733,Painting
225755,Sculpture
224878,Photograph
225859,Vessel
224994,Painting
225752,Sculpture
225880,Light
224881,Photograph
224939,Media art
226550,Painting
226058,Sculpture
226649,Photograph
226647,Photograph
226646,Photograph
226642,Photograph
226643,Photograph
226645,Photograph
226648,Photograph
226644,Photograph
226670,Vessel
226915,Photograph
226917,Photograph
226916,Photograph
225776,Furniture
224735,Installation
224858,Media art
217135,Sculpture
224724,Installation
225155,Sculpture
224874,Photograph
224796,Media art
224712,Drawing
224896,Textile
224859,Clothing
224734,Media art
224730,Textile
224879,Media art
224871,Ceramic
224464,Ceramic
224867,Media art
224794,Painting
224452,Ceramic
225037,Painting
225129,Photograph
225128,Photograph
225487,Sculpture
225743,Media art
226385,Media art
226486,Installation
225029,Print
224795,Painting
224857,Sculpture
226187,Sculpture
226951,Work on Paper
226950,Work on Paper
224321,Work on Paper
224799,Painting
224425,collectionObject
224304,Work on Paper
224671,Book
224550,Painting
224733,Media art
224500,Painting
224275,Painting
224322,Work on Paper
224868,Media art
224554,Media art
226115,Photograph
226166,Photograph
226136,Photograph
226170,Photograph
226168,Photograph
226184,Photograph
226155,Photograph
226131,Photograph
226165,Photograph
226137,Photograph
226124,Photograph
226125,Photograph
226133,Photograph
226148,Photograph
226162,Photograph
226157,Photograph
226120,Photograph
226177,Photograph
226176,Photograph
226146,Photograph
226145,Photograph
226156,Photograph
226173,Photograph
226172,Photograph
226163,Photograph
226135,Photograph
226179,Photograph
226144,Photograph
226149,Photograph
226116,Photograph
226113,Photograph
226129,Photograph
226139,Photograph
226153,Photograph
226171,Photograph
226119,Photograph
226167,Photograph
226161,Photograph
226147,Photograph
226183,Photograph
226121,Photograph
224767,Painting
224725,Sculpture
224728,Photograph
224327,Painting
226151,Photograph
226182,Photograph
226140,Photograph
226117,Photograph
226141,Photograph
226152,Photograph
226132,Photograph
226186,Photograph
226114,Photograph
226169,Photograph
226118,Photograph
226123,Photograph
226185,Photograph
226160,Photograph
226181,Photograph
226142,Photograph
226122,Photograph
226158,Photograph
224552,Painting
224453,Vessel
224719,Sculpture
224299,Photograph
224612,Painting
224289,Photograph
224670,Sculpture
224738,Painting
224872,Photograph
224713,Installation
225036,Painting
224276,Painting
224323,Sculpture
224263,Painting
224732,Photograph
224311,Painting
225741,Photograph
224553,collectionObject
224267,Painting
224061,Drawing
226056,Vessel
224167,Photograph
224165,Photograph
224160,Photograph
224164,Photograph
224166,Photograph
224442,Model
226788,Photograph
225154,Painting
224454,Container
226949,Work on Paper
226918,Photograph
226919,Photograph
227515,Photograph
227534,Photograph
227535,Photograph
224273,Photograph
226697,Work on Paper
225885,Sculpture
225884,Sculpture
225868,Sculpture
225886,Sculpture
225883,Sculpture
222655,Drawing
224435,Textile
222612,Drawing
224433,Textile
222683,Drawing
222658,Drawing
222585,Drawing
222627,Drawing
222592,Drawing
222619,Drawing
222635,Drawing
222638,Drawing
222552,Drawing
222593,Drawing
222653,Drawing
222609,Drawing
222574,Drawing
222606,Drawing
222563,Drawing
222576,Drawing
222587,Drawing
222604,Drawing
223226,Vessel
222557,Drawing
222634,Drawing
224669,Work on Paper
222578,Drawing
222559,Drawing
222595,Drawing
222569,Drawing
222674,Drawing
222549,Drawing
222665,Drawing
222620,Drawing
222602,Drawing
222611,Drawing
222580,Drawing
222594,Drawing
222586,Drawing
222583,Drawing
222636,Drawing
222584,Drawing
222618,Drawing
222591,Drawing
222562,Drawing
222551,Drawing
222566,Drawing
222623,Drawing
222590,Drawing
222589,Drawing
222663,Drawing
222558,Drawing
222555,Drawing
222691,Drawing
222603,Drawing
222673,Drawing
222573,Drawing
222572,Drawing
222644,Drawing
222553,Drawing
222582,Drawing
222577,Drawing
222626,Drawing
222654,Drawing
222605,Drawing
222643,Drawing
222621,Drawing
225348,Print
222596,Drawing
222579,Drawing
222550,Drawing
222588,Drawing
222637,Drawing
222682,Drawing
222630,Drawing
222560,Drawing
222564,Drawing
224434,Textile
223191,Photograph
222581,Drawing
222607,Drawing
222681,Drawing
222657,Drawing
224438,Textile
222615,Drawing
222629,Drawing
222690,Drawing
222646,Drawing
222622,Drawing
225428,Sculpture
225291,Furnishing
225890,Work on Paper
222570,Drawing
223192,Photograph
222628,Drawing
224269,Photograph
224288,Photograph
224310,Painting
226380,Photograph
224266,Sculpture
224059,Painting
224745,Container
225033,Sculpture
226381,Photograph
225555,Sculpture
224317,Photograph
226394,Photograph
224808,Sculpture
227536,Photograph
227532,Photograph
227537,Photograph
227521,Work on Paper
219172,Sculpture
224576,Photograph
225347,Print
218962,Painting
221709,Work on Paper
224301,Sculpture
224731,Photograph
224722,Photograph
222741,Furniture
220363,Sculpture
224895,Photograph
220283,Print
220183,Photograph
219270,Sculpture
225731,Costume
224579,Photograph
224555,Work on Paper
225610,Work on Paper
224792,Sculpture
225611,Work on Paper
224866,Media art
220318,Architectural Element
218284,Sculpture
218903,Print
226107,Painting
220423,Print
227533,Photograph
225288,Sculpture
219268,Painting
224715,Photograph
225295,Painting
216276,Photograph
224495,Photograph
218259,Sculpture
218232,"Recreation, Toys, Games"
218010,Work on Paper
220337,Ceramic
216753,Installation
215856,Media art
218606,Sculpture
224714,Photograph
224496,Photograph
217613,Drawing
218182,Painting
220598,Media art
220364,Sculpture
224716,Photograph
224577,Photograph
220184,Photograph
224717,Photograph
224494,Photograph
220383,Work on Paper
225494,Sculpture
220529,Painting
219183,Sculpture
219201,"Recreation, Toys, Games"
224441,Painting
224718,Photograph
219530,Textile
217295,Painting
224497,Photograph
224499,Photograph
224291,Work on Paper
220365,Sculpture
217614,Work on Paper
216899,Sculpture
220348,Furnishing
226389,Print
218233,Painting
216350,Sculpture
215551,Media art
226406,Print
225284,Work on Paper
216898,Drawing
225009,Media art
218581,Sculpture
217808,Drawing
216270,Ceramic
219271,Vessel
214432,Photograph
217041,Painting
215878,Media art
224574,Photograph
217134,Tool
214374,Ceramic
214202,Work on Paper
224804,Sculpture
219200,Sculpture
211616,Collage
216203,Collage
218074,Drawing
218231,Sculpture
224294,Textile
215886,Photograph
215848,Sculpture
215889,Photograph
223016,Painting
215887,Photograph
224578,Media art
218181,Painting
214146,Sculpture
211196,Painting
224823,Book
225949,Container
225847,Work on Paper
225889,Photograph
225851,Work on Paper
225849,Work on Paper
225852,Work on Paper
225856,Work on Paper
225854,Work on Paper
225848,Work on Paper
225857,Work on Paper
225131,Photograph
225858,Work on Paper
225855,Work on Paper
225130,Photograph
225853,Work on Paper
214433,Photograph
214375,Print
220387,Painting
219308,Painting
224729,Painting
212065,Furniture
210665,Sculpture
214203,Work on Paper
210268,Furnishing
210224,Furnishing
210278,Furnishing
208840,Photograph
210194,Furnishing
224063,Drawing
209946,Sculpture
209948,Sculpture
211194,Work on Paper
225138,Screen
210422,Textile
224446,collectionObject
209326,Sculpture
210199,Furnishing
212070,Furniture
210207,Furnishing
224261,Work on Paper
210269,Tiles
210177,Furnishing
209947,Sculpture
224309,Drawing
222904,Painting
218241,Photograph
209424,Painting
218240,Photograph
210025,Sculpture
224298,Drawing
218239,Photograph
218158,Painting
210945,Ceramic
210173,Furnishing
210137,Photograph
220362,Sculpture
214201,Work on Paper
212058,Work on Paper
210174,Furnishing
218009,Work on Paper
212059,Work on Paper
213879,Painting
214447,Media art
219272,Vessel
226393,Photograph
208971,Furniture
225805,Furniture
226104,Sculpture
215069,Painting
225609,Photograph
210175,Furnishing
225869,Media art
226390,Photograph
224833,Sculpture
219309,Painting
218230,Sculpture
219199,Sculpture
225735,Work on Paper
225736,Work on Paper
227099,Photograph
210628,Ceramic
225732,collectionObject
225283,Media art
210944,Ceramic
225624,Furniture
210182,Furnishing
226392,Photograph
218242,Painting
210172,Furnishing
197576,Sculpture
210798,Ceramic
218605,Painting
210219,Furnishing
213589,Tool
198904,Painting
210216,Furnishing
212821,Furnishing
212823,Furnishing
213181,Painting
212824,Furnishing
210217,Furnishing
210545,Work on Paper
197577,Drawing
207864,Installation
210212,Photograph
224285,Drawing
210427,Furnishing
210193,Furnishing
210218,Furnishing
217071,Furniture
218229,Painting
210267,Furnishing
210215,Furnishing
220467,Photograph
224255,Drawing
210176,Furnishing
198916,Photograph
208767,Painting
210213,Photograph
198903,Painting
210276,Media art
212825,Furnishing
217070,Furniture
220466,Photograph
225657,Sculpture
25247,Unknown
4942,Unknown
15010,Unknown
7111,Unknown
15014,Unknown
143675,Unknown
15012,Unknown
220492,Unknown
139465,Unknown
19935,Unknown
73995,Unknown
22746,Unknown
20000,Unknown
138054,Unknown
227552,Unknown
198854,Unknown
60915,Unknown
189775,Unknown
48,Unknown
15033,Unknown
14447,Unknown
119371,Unknown
199136,Unknown
32740,Unknown
188274,Unknown
147872,Unknown
75330,Unknown
121044,Unknown
65,Unknown
139460,Unknown
139562,Unknown
48846,Unknown
266210,Unknown
101573,Unknown
109169,Unknown
194369,Unknown
194370,Unknown
147873,Unknown
101574,Unknown
135,Unknown
111962,Unknown
184562,Unknown
15030,Unknown
134,Unknown
19970,Unknown
80494,Unknown
38985,Unknown
139470,Unknown
7934,Unknown
191156,Unknown
29530,Unknown
53832,Unknown
109200,Unknown
139462,Unknown
148877,Unknown
18438,Unknown
101571,Unknown
80112,Unknown
86380,Unknown
233330,Unknown
2583,Unknown
137970,Unknown
29408,Unknown
132651,Unknown
3446,Unknown
43060,Unknown
18467,Unknown
137976,Unknown
185963,Unknown
2728,Unknown
46808,Unknown
12270,Unknown
12054,Unknown
35376,Unknown
32532,Unknown
2511,Unknown
4453,Unknown
109184,Unknown
50502,Unknown
22042,Unknown
29149,Unknown
18568,Unknown
21284,Unknown
14460,Unknown
2344,Unknown
190614,Unknown
60912,Unknown
70115,Unknown
200412,Unknown
15906,Unknown
5006,Unknown
15722,Unknown
182878,Unknown
14474,Unknown
8056,Unknown
12552,Unknown
8636,Unknown
18522,Unknown
233322,Unknown
233328,Unknown
12476,Unknown
12086,Unknown
27925,Unknown
21653,Unknown
23497,Unknown
4450,Unknown
70003,Unknown
32631,Unknown
12380,Unknown
212904,Unknown
21296,Unknown
7931,Unknown
48991,Unknown
10522,Unknown
12123,Unknown
147008,Unknown
35367,Unknown
12229,Unknown
12763,Unknown
31955,Unknown
22200,Unknown
82071,Unknown
12284,Unknown
12198,Unknown
150533,Unknown
15742,Unknown
2532,Unknown
88724,Unknown
20392,Unknown
15910,Unknown
147007,Unknown
9734,Unknown
233326,Unknown
199164,Unknown
12491,Unknown
73236,Unknown
11098,Unknown
26647,Unknown
7967,Unknown
108586,Unknown
9613,Unknown
55906,Unknown
12242,Unknown
12474,Unknown
36417,Unknown
64461,Unknown
12485,Unknown
7903,Unknown
21517,Unknown
12221,Unknown
58159,Unknown
10489,Unknown
64435,Unknown
280345,Unknown
14644,Unknown
32945,Unknown
178888,Unknown
7889,Unknown
149681,Unknown
186784,Unknown
151925,Unknown
22732,Unknown
27741,Unknown
22574,Unknown
12986,Unknown
21366,Unknown
8050,Unknown
15988,Unknown
12247,Unknown
12483,Unknown
181704,Unknown
15586,Unknown
105944,Unknown
21280,Unknown
21644,Unknown
12945,Unknown
63513,Unknown
21289,Unknown
12183,Unknown
90303,Unknown
65914,Unknown
21375,Unknown
21363,Unknown
11140,Unknown
21531,Unknown
12099,Unknown
21238,Unknown
12634,Unknown
21721,Unknown
41910,Unknown
21187,Unknown
21313,Unknown
18014,Unknown
18582,Unknown
47168,Unknown
7925,Unknown
33997,Unknown
79895,Unknown
3330,Unknown
36418,Unknown
142531,Unknown
12119,Unknown
21241,Unknown
53517,Unknown
22708,Unknown
73254,Unknown
111365,Unknown
42879,Unknown
21282,Unknown
12059,Unknown
2517,Unknown
35381,Unknown
83812,Unknown
60877,Unknown
18473,Unknown
49603,Unknown
8093,Unknown
7521,Unknown
26882,Unknown
22725,Unknown
74965,Unknown
59461,Unknown
23502,Unknown
73201,Unknown
99658,Unknown
22210,Unknown
109689,Unknown
5918,Unknown
28487,Unknown
14811,Unknown
183894,Unknown
22744,Unknown
12981,Unknown
70117,Unknown
32492,Unknown
42271,Unknown
12636,Unknown
89452,Unknown
12622,Unknown
42786,Unknown
53544,Unknown
108598,Unknown
12688,Unknown
59464,Unknown
23651,Unknown
192727,Unknown
65902,Unknown
69711,Unknown
156446,Unknown
12013,Unknown
28106,Unknown
59448,Unknown
11497,Unknown
79318,Unknown
21208,Unknown
263123,Unknown
28158,Unknown
12028,Unknown
28109,Unknown
28125,Unknown
12640,Unknown
24960,Unknown
80882,Unknown
2528,Unknown
235667,Unknown
86391,Unknown
10393,Unknown
14803,Unknown
21212,Unknown
21408,Unknown
22711,Unknown
21511,Unknown
12214,Unknown
180744,Unknown
152849,Unknown
21418,Unknown
21483,Unknown
3333,Unknown
45464,Unknown
11690,Unknown
30214,Unknown
15732,Unknown
12407,Unknown
183277,Unknown
142528,Unknown
27507,Unknown
12561,Unknown
199163,Unknown
260343,Unknown
270889,Unknown
270890,Unknown
79315,Unknown
21702,Unknown
12616,Unknown
14319,Unknown
42541,Unknown
12145,Unknown
79309,Unknown
9611,Unknown
2508,Unknown
75905,Unknown
11125,Unknown
34078,Unknown
12786,Unknown
12741,Unknown
8099,Unknown
20561,Unknown
35384,Unknown
7544,Unknown
21745,Unknown
76279,Unknown
68830,Unknown
21292,Unknown
68715,Unknown
79322,Unknown
21481,Unknown
105595,Unknown
111862,Unknown
192877,Unknown
8076,Unknown
109230,Unknown
12497,Unknown
198345,Unknown
37729,Unknown
133834,Unknown
48321,Unknown
16811,Unknown
70169,Unknown
21341,Unknown
12731,Unknown
12735,Unknown
70207,Unknown
14329,Unknown
8037,Unknown
21423,Unknown
7514,Unknown
73796,Unknown
12359,Unknown
111366,Unknown
233329,Unknown
70093,Unknown
22729,Unknown
70129,Unknown
129758,Unknown
39534,Unknown
73220,Unknown
9059,Unknown
34075,Unknown
21514,Unknown
15563,Unknown
107043,Unknown
22718,Unknown
75521,Unknown
8087,Unknown
18019,Unknown
12132,Unknown
21220,Unknown
47953,Unknown
69180,Unknown
89655,Unknown
23144,Unknown
69810,Unknown
12409,Unknown
51834,Unknown
91085,Unknown
22722,Unknown
7896,Unknown
28112,Unknown
21555,Unknown
69688,Unknown
70167,Unknown
79313,Unknown
5410,Unknown
12065,Unknown
51432,Unknown
69801,Unknown
21266,Unknown
58282,Unknown
86423,Unknown
18013,Unknown
37423,Unknown
15726,Unknown
23667,Unknown
79311,Unknown
92910,Unknown
93923,Unknown
47961,Unknown
42566,Unknown
259167,Unknown
22771,Unknown
45939,Unknown
8073,Unknown
8081,Unknown
104483,Unknown
84711,Unknown
40922,Unknown
45806,Unknown
79505,Unknown
70256,Unknown
80916,Unknown
21325,Unknown
75916,Unknown
25226,Unknown
32538,Unknown
144967,Unknown
21307,Unknown
21310,Unknown
86420,Unknown
109236,Unknown
42185,Unknown
86757,Unknown
37725,Unknown
21467,Unknown
22740,Unknown
183455,Unknown
51825,Unknown
18454,Unknown
21496,Unknown
68041,Unknown
117330,Unknown
15748,Unknown
21701,Unknown
195396,Unknown
28163,Unknown
22113,Unknown
51423,Unknown
55836,Unknown
2716,Unknown
21712,Unknown
70763,Unknown
68711,Unknown
12529,Unknown
69172,Unknown
5003,Unknown
22737,Unknown
9624,Unknown
12794,Unknown
18007,Unknown
34873,Unknown
18235,Unknown
71199,Unknown
109185,Unknown
139488,Unknown
139593,Unknown
137971,Unknown
259168,Unknown
259170,Unknown
132148,Unknown
70392,Unknown
142529,Unknown
2525,Unknown
21295,Unknown
21772,Unknown
28444,Unknown
12602,Unknown
14335,Unknown
26091,Unknown
86744,Unknown
53282,Unknown
58180,Unknown
83154,Unknown
133709,Unknown
21658,Unknown
22068,Unknown
14276,Unknown
16397,Unknown
79470,Unknown
263669,Unknown
263943,Unknown
69827,Unknown
6580,Unknown
14326,Unknown
33964,Unknown
25230,Unknown
21698,Unknown
89468,Unknown
82294,Unknown
14331,Unknown
12352,Unknown
80912,Unknown
70091,Unknown
46261,Unknown
69959,Unknown
80721,Unknown
12588,Unknown
14314,Unknown
21508,Unknown
80777,Unknown
80879,Unknown
21319,Unknown
12344,Unknown
84370,Unknown
52949,Unknown
21286,Unknown
92911,Unknown
142530,Unknown
14323,Unknown
12514,Unknown
75361,Unknown
199165,Unknown
79336,Unknown
39774,Unknown
69770,Unknown
42390,Unknown
12470,Unknown
86747,Unknown
86599,Unknown
259158,Unknown
259169,Unknown
259178,Unknown
6775,Unknown
14809,Unknown
105530,Unknown
21251,Unknown
109223,Unknown
22715,Unknown
70095,Unknown
110866,Unknown
12721,Unknown
12346,Unknown
80904,Unknown
37716,Unknown
63392,Unknown
21594,Unknown
193827,Unknown
13033,Unknown
14852,Unknown
105494,Unknown
55821,Unknown
180536,Unknown
53532,Unknown
21203,Unknown
12537,Unknown
21678,Unknown
21734,Unknown
33933,Unknown
2606,Unknown
70088,Unknown
12241,Unknown
87714,Unknown
200630,Unknown
17996,Unknown
147031,Unknown
21346,Unknown
28128,Unknown
221163,Unknown
11435,Unknown
11091,Unknown
22735,Unknown
35364,Unknown
21413,Unknown
80898,Unknown
79332,Unknown
79459,Unknown
111081,Unknown
21499,Unknown
86415,Unknown
117775,Unknown
8209,Unknown
7788,Unknown
42187,Unknown
33098,Unknown
12679,Unknown
21254,Unknown
70757,Unknown
42215,Unknown
21312,Unknown
36419,Unknown
58053,Unknown
69683,Unknown
69700,Unknown
68980,Unknown
86754,Unknown
72589,Unknown
21558,Unknown
260222,Unknown
260223,Unknown
259162,Unknown
259174,Unknown
55926,Unknown
42806,Unknown
33942,Unknown
15737,Unknown
12663,Unknown
56142,Unknown
138456,Unknown
12069,Unknown
60878,Unknown
79347,Unknown
81842,Unknown
12236,Unknown
68978,Unknown
79249,Unknown
12305,Unknown
11151,Unknown
45804,Unknown
11999,Unknown
41426,Unknown
79317,Unknown
21681,Unknown
73256,Unknown
80887,Unknown
69937,Unknown
81954,Unknown
33936,Unknown
27669,Unknown
182864,Unknown
2481,Unknown
65922,Unknown
183893,Unknown
21887,Unknown
22212,Unknown
182783,Unknown
14280,Unknown
82164,Unknown
186745,Unknown
54714,Unknown
3585,Unknown
12696,Unknown
103303,Unknown
150152,Unknown
7832,Unknown
89836,Unknown
105591,Unknown
79223,Unknown
187047,Unknown
69605,Unknown
69708,Unknown
79453,Unknown
79362,Unknown
70164,Unknown
68989,Unknown
65889,Unknown
13836,Unknown
59752,Unknown
21180,Unknown
151599,Unknown
69019,Unknown
70059,Unknown
276595,Unknown
47283,Unknown
277820,Unknown
259161,Unknown
259163,Unknown
259164,Unknown
259165,Unknown
259166,Unknown
259172,Unknown
259175,Unknown
259176,Unknown
259177,Unknown
259173,Unknown
75310,Unknown
105937,Unknown
21521,Unknown
37722,Unknown
21549,Unknown
70045,Unknown
70330,Unknown
22671,Unknown
21585,Unknown
21591,Unknown
8064,Unknown
69638,Unknown
69744,Unknown
117554,Unknown
17305,Unknown
20435,Unknown
73230,Unknown
75903,Unknown
186741,Unknown
233321,Unknown
36691,Unknown
111140,Unknown
21274,Unknown
21397,Unknown
76243,Unknown
32539,Unknown
21252,Unknown
21692,Unknown
70205,Unknown
68697,Unknown
5833,Unknown
75946,Unknown
152839,Unknown
182989,Unknown
186728,Unknown
78836,Unknown
139230,Unknown
58156,Unknown
8084,Unknown
106598,Unknown
12748,Unknown
25999,Unknown
182862,Unknown
48982,Unknown
31935,Unknown
71015,Unknown
76275,Unknown
73239,Unknown
68731,Unknown
236098,Unknown
58340,Unknown
86750,Unknown
70191,Unknown
158104,Unknown
186735,Unknown
49817,Unknown
42386,Unknown
69572,Unknown
180532,Unknown
10495,Unknown
111367,Unknown
42112,Unknown
259159,Unknown
259160,Unknown
279375,Unknown
21629,Unknown
9819,Unknown
12077,Unknown
79492,Unknown
21518,Unknown
33945,Unknown
86418,Unknown
68868,Unknown
120578,Unknown
72791,Unknown
36825,Unknown
21632,Unknown
11094,Unknown
69506,Unknown
86491,Unknown
22490,Unknown
7791,Unknown
12248,Unknown
8986,Unknown
129408,Unknown
16393,Unknown
56801,Unknown
58900,Unknown
159683,Unknown
7419,Unknown
83673,Unknown
3588,Unknown
42213,Unknown
21604,Unknown
69812,Unknown
13455,Unknown
86661,Unknown
62536,Unknown
45668,Unknown
20434,Unknown
21430,Unknown
23500,Unknown
43097,Unknown
69931,Unknown
180135,Unknown
182865,Unknown
40558,Unknown
65904,Unknown
153627,Unknown
79326,Unknown
117596,Unknown
79507,Unknown
75317,Unknown
84123,Unknown
150406,Unknown
42195,Unknown
53535,Unknown
69752,Unknown
21683,Unknown
21125,Unknown
20635,Unknown
193002,Unknown
7782,Unknown
12509,Unknown
28161,Unknown
12896,Unknown
12672,Unknown
70006,Unknown
69008,Unknown
80239,Unknown
61041,Unknown
42440,Unknown
17459,Unknown
64836,Unknown
147469,Unknown
2514,Unknown
68754,Unknown
70680,Unknown
25640,Unknown
12317,Unknown
11703,Unknown
22899,Unknown
22865,Unknown
80914,Unknown
83677,Unknown
49798,Unknown
31202,Unknown
26953,Unknown
55213,Unknown
53194,Unknown
22075,Unknown
131979,Unknown
186751,Unknown
80377,Unknown
35957,Unknown
109503,Unknown
57654,Unknown
62583,Unknown
36798,Unknown
17244,Unknown
28350,Unknown
180725,Unknown
83022,Unknown
230189,Unknown
53276,Unknown
69558,Unknown
72380,Unknown
15579,Unknown
7843,Unknown
65892,Unknown
68898,Unknown
193050,Unknown
160040,Unknown
58904,Unknown
21731,Unknown
58116,Unknown
9579,Unknown
12165,Unknown
68840,Unknown
111364,Unknown
45433,Unknown
21457,Unknown
42836,Unknown
69719,Unknown
68941,Unknown
69324,Unknown
105549,Unknown
193334,Unknown
13451,Unknown
186779,Unknown
147883,Unknown
193025,Unknown
55833,Unknown
10244,Unknown
43942,Unknown
21806,Unknown
24113,Unknown
60348,Unknown
104305,Unknown
79585,Unknown
147623,Unknown
21648,Unknown
27659,Unknown
69574,Unknown
7649,Unknown
49406,Unknown
12543,Unknown
180200,Unknown
148422,Unknown
3316,Unknown
189161,Unknown
49843,Unknown
21662,Unknown
53279,Unknown
60339,Unknown
55848,Unknown
20349,Unknown
79219,Unknown
69961,Unknown
73244,Unknown
105529,Unknown
159686,Unknown
51502,Unknown
21323,Unknown
21524,Unknown
69798,Unknown
69343,Unknown
70693,Unknown
7951,Unknown
79435,Unknown
80720,Unknown
35955,Unknown
27580,Unknown
69639,Unknown
70229,Unknown
69576,Unknown
106589,Unknown
109039,Unknown
12608,Unknown
89465,Unknown
28203,Unknown
69355,Unknown
44101,Unknown
42262,Unknown
86387,Unknown
186765,Unknown
21205,Unknown
75920,Unknown
80215,Unknown
22905,Unknown
70018,Unknown
68837,Unknown
39385,Unknown
42411,Unknown
69980,Unknown
88202,Unknown
45424,Unknown
70238,Unknown
195395,Unknown
17769,Unknown
49616,Unknown
79310,Unknown
45912,Unknown
149892,Unknown
14441,Unknown
135794,Unknown
69152,Unknown
82306,Unknown
42460,Unknown
21616,Unknown
68700,Unknown
69625,Unknown
202971,Unknown
11032,Unknown
7816,Unknown
42417,Unknown
41882,Unknown
69312,Unknown
70606,Unknown
73224,Unknown
195401,Unknown
121835,Unknown
53523,Unknown
68944,Unknown
84100,Unknown
79494,Unknown
58048,Unknown
22195,Unknown
68820,Unknown
41865,Unknown
21024,Unknown
58283,Unknown
68831,Unknown
182994,Unknown
21562,Unknown
68986,Unknown
180724,Unknown
89509,Unknown
42096,Unknown
68675,Unknown
70663,Unknown
117730,Unknown
69285,Unknown
158222,Unknown
193326,Unknown
42242,Unknown
21754,Unknown
7811,Unknown
75930,Unknown
69853,Unknown
68677,Unknown
69565,Unknown
87653,Unknown
7805,Unknown
193018,Unknown
79513,Unknown
186739,Unknown
86658,Unknown
21650,Unknown
65909,Unknown
65911,Unknown
69331,Unknown
276594,Unknown
241446,Unknown
27466,Unknown
96627,Unknown
68695,Unknown
193049,Unknown
126179,Unknown
28594,Unknown
46423,Unknown
107912,Unknown
130660,Unknown
49919,Unknown
106616,Unknown
39380,Unknown
69970,Unknown
24098,Unknown
44196,Unknown
21431,Unknown
8402,Unknown
79406,Unknown
42555,Unknown
183393,Unknown
202975,Unknown
60945,Unknown
49153,Unknown
,Unknown
911874,Print
61658,Figure
448663,Bowl
764091,Painting
551786,"Papyrus, funerary, Book of the Dead, Imouthes, Imhotep, Imuthes"
729644,Print
472562,Reliquary
900001,Sculpture
503651,Pipa
42188,Figure
207247,Figure
78191,Figure
329077,Sculpture
42733,Figure
53660,Handscroll
310453,Figure
437422,Painting
764095,Painting
206965,Longcase astronomical regulator
317877,Cross
459027,Painting
459028,Painting
544320,Stela
53162,Figure
200668,Bust
544740,"Statue, Yuny, Renenutet, pair, menat, music"
39901,Handscroll
53176,Figure
435848,Painting
42515,Cup
205883,Figure
816189,Hanging scroll
776714,Hanging scroll
824771,Drawing
436102,Painting
707476,Plate
53190,Figure
192770,Relief
53222,Hanging scroll
438821,Painting
203842,Standing shelf
437261,Painting
460281,Tabernacle polyptych
194191,Clock watch
38006,Thangka
452102,Period room
49068,Hanging scroll
207157,Figure
237451,Figure
137808,Unknown
136877,Unknown
135914,Unknown
135810,Unknown
135666,Unknown
135622,Unknown
135613,Unknown
135354,Unknown
135206,Unknown
134589,Unknown
134458,Unknown
134443,Unknown
134229,Unknown
60812,Unknown
57306,Unknown
56238,Unknown
55803,Unknown
52959,Unknown
51102,Unknown
40352,Unknown
38924,Unknown
37489,Unknown
37279,Unknown
33643,Unknown
33564,Unknown
33539,Unknown
32473,Unknown
32221,Unknown
29551,Unknown
23744,Unknown
22247,Unknown
14878,Unknown
14756,Unknown
10056,Unknown
8898,Unknown
137492,Unknown
137483,Unknown
137477,Unknown
137427,Unknown
137169,Unknown
137157,Unknown
137156,Unknown
137152,Unknown
136896,Unknown
135904,Unknown
135887,Unknown
135811,Unknown
135798,Unknown
135691,Unknown
135671,Unknown
135610,Unknown
135609,Unknown
135550,Unknown
135379,Unknown
135367,Unknown
134595,Unknown
134170,Unknown
133910,Unknown
102729,Unknown
73907,Unknown
60769,Unknown
58857,Unknown
57758,Unknown
57716,Unknown
55813,Unknown
54926,Unknown
54821,Unknown
47645,Unknown
47566,Unknown
46033,Unknown
45401,Unknown
45237,Unknown
40020,Unknown
37441,Unknown
33230,Unknown
32983,Unknown
32872,Unknown
32381,Unknown
32255,Unknown
31852,Unknown
31464,Unknown
29713,Unknown
23888,Unknown
15336,Unknown
8161,Unknown
137698,Unknown
137260,Unknown
137162,Unknown
137149,Unknown
136885,Unknown
136880,Unknown
135975,Unknown
135872,Unknown
135796,Unknown
135759,Unknown
135674,Unknown
135664,Unknown
135660,Unknown
135632,Unknown
135201,Unknown
134740,Unknown
134439,Unknown
58878,Unknown
58869,Unknown
58068,Unknown
57720,Unknown
44648,Unknown
42352,Unknown
39108,Unknown
32890,Unknown
31803,Unknown
31420,Unknown
29134,Unknown
22494,Unknown
20821,Unknown
19912,Unknown
17473,Unknown
13871,Unknown
9790,Unknown
9449,Unknown
137406,Unknown
137291,Unknown
137264,Unknown
136912,Unknown
135921,Unknown
135888,Unknown
135683,Unknown
135589,Unknown
135554,Unknown
135549,Unknown
135185,Unknown
134737,Unknown
134554,Unknown
134191,Unknown
134165,Unknown
134164,Unknown
129689,Unknown
61090,Unknown
60584,Unknown
56302,Unknown
39164,Unknown
35195,Unknown
33737,Unknown
32861,Unknown
32398,Unknown
32269,Unknown
31482,Unknown
29435,Unknown
21079,Unknown
18597,Unknown
18583,Unknown
16210,Unknown
12950,Unknown
9231,Unknown
8894,Unknown
137460,Unknown
137407,Unknown
137348,Unknown
137249,Unknown
136905,Unknown
136900,Unknown
136891,Unknown
136792,Unknown
135889,Unknown
135817,Unknown
135814,Unknown
135728,Unknown
135696,Unknown
135643,Unknown
135637,Unknown
135624,Unknown
135618,Unknown
135587,Unknown
135521,Unknown
135244,Unknown
134682,Unknown
134355,Unknown
133913,Unknown
60811,Unknown
58888,Unknown
58884,Unknown
58858,Unknown
57754,Unknown
55939,Unknown
55163,Unknown
51098,Unknown
45518,Unknown
42370,Unknown
37626,Unknown
36886,Unknown
32898,Unknown
32714,Unknown
32245,Unknown
31653,Unknown
30620,Unknown
28330,Unknown
22540,Unknown
16650,Unknown
8146,Unknown
6858,Unknown
137284,Unknown
52886,Unknown
135715,Unknown
137282,Unknown
135653,Unknown
135640,Unknown
137297,Unknown
136920,Unknown
135642,Unknown
137290,Unknown
135639,Unknown
137410,Unknown
137365,Unknown
137344,Unknown
135964,Unknown
135815,Unknown
135561,Unknown
135290,Unknown
45692,Unknown
23368,Unknown
137366,Unknown
135869,Unknown
135559,Unknown
135313,Unknown
135306,Unknown
135231,Unknown
37985,Unknown
25246,Unknown
13563,Unknown
137677,Unknown
135308,Unknown
135289,Unknown
137428,Unknown
137287,Unknown
135520,Unknown
135312,Unknown
135303,Unknown
134167,Unknown
24961,Unknown
135311,Unknown
137435,Unknown
137275,Unknown
137296,Unknown
145721,Unknown
145719,Unknown
145718,Unknown
145716,Unknown
145714,Unknown
145710,Unknown
145703,Unknown
145675,Unknown
145612,Unknown
145378,Unknown
145376,Unknown
145346,Unknown
145309,Unknown
145273,Unknown
145270,Unknown
145269,Unknown
145266,Unknown
145221,Unknown
145220,Unknown
145215,Unknown
145214,Unknown
145211,Unknown
145210,Unknown
145207,Unknown
145206,Unknown
145180,Unknown
145178,Unknown
145174,Unknown
145169,Unknown
145166,Unknown
145163,Unknown
145160,Unknown
145158,Unknown
145157,Unknown
145153,Unknown
145148,Unknown
145137,Unknown
145136,Unknown
145133,Unknown
145070,Unknown
145052,Unknown
145032,Unknown
145030,Unknown
145020,Unknown
145016,Unknown
144953,Unknown
144944,Unknown
144937,Unknown
144931,Unknown
144927,Unknown
144926,Unknown
144918,Unknown
144891,Unknown
144890,Unknown
144885,Unknown
144884,Unknown
144882,Unknown
144878,Unknown
144874,Unknown
144849,Unknown
144818,Unknown
144811,Unknown
144801,Unknown
144797,Unknown
144796,Unknown
144794,Unknown
144785,Unknown
144783,Unknown
144743,Unknown
144736,Unknown
144722,Unknown
144721,Unknown
144720,Unknown
144718,Unknown
144717,Unknown
144714,Unknown
144551,Unknown
144371,Unknown
144369,Unknown
144364,Unknown
144362,Unknown
144289,Unknown
144288,Unknown
144254,Unknown
144251,Unknown
144249,Unknown
144247,Unknown
144216,Unknown
144215,Unknown
144015,Unknown
143999,Unknown
143923,Unknown
143921,Unknown
143916,Unknown
143911,Unknown
143909,Unknown
143904,Unknown
143892,Unknown
143816,Unknown
143810,Unknown
143709,Unknown
143707,Unknown
143696,Unknown
143695,Unknown
143686,Unknown
143676,Unknown
143672,Unknown
143433,Unknown
143429,Unknown
143427,Unknown
143423,Unknown
143422,Unknown
142946,Unknown
142942,Unknown
142940,Unknown
142928,Unknown
142926,Unknown
142922,Unknown
142918,Unknown
142914,Unknown
142911,Unknown
142906,Unknown
142905,Unknown
142890,Unknown
142843,Unknown
142835,Unknown
142832,Unknown
142805,Unknown
142789,Unknown
142772,Unknown
142765,Unknown
142759,Unknown
142755,Unknown
142754,Unknown
142751,Unknown
142677,Unknown
142673,Unknown
142568,Unknown
142514,Unknown
142513,Unknown
142510,Unknown
142506,Unknown
142497,Unknown
142492,Unknown
142482,Unknown
142481,Unknown
142477,Unknown
142436,Unknown
142421,Unknown
142408,Unknown
142269,Unknown
142268,Unknown
142265,Unknown
142264,Unknown
142234,Unknown
142150,Unknown
142148,Unknown
142144,Unknown
142112,Unknown
142110,Unknown
142081,Unknown
142075,Unknown
142069,Unknown
142066,Unknown
142051,Unknown
142037,Unknown
142033,Unknown
142032,Unknown
142031,Unknown
142005,Unknown
142002,Unknown
142001,Unknown
142000,Unknown
141989,Unknown
141960,Unknown
141956,Unknown
141948,Unknown
141933,Unknown
141930,Unknown
141929,Unknown
141928,Unknown
141922,Unknown
141919,Unknown
141918,Unknown
141915,Unknown
141913,Unknown
141912,Unknown
141861,Unknown
141857,Unknown
141855,Unknown
141854,Unknown
141853,Unknown
141850,Unknown
141843,Unknown
141835,Unknown
141833,Unknown
141831,Unknown
141821,Unknown
141810,Unknown
141809,Unknown
141807,Unknown
141806,Unknown
141804,Unknown
141803,Unknown
141792,Unknown
141785,Unknown
141747,Unknown
141742,Unknown
141741,Unknown
141738,Unknown
141732,Unknown
141729,Unknown
141725,Unknown
141716,Unknown
141715,Unknown
141713,Unknown
141709,Unknown
141688,Unknown
141686,Unknown
141684,Unknown
141653,Unknown
141652,Unknown
141594,Unknown
141586,Unknown
141517,Unknown
141514,Unknown
141512,Unknown
141510,Unknown
141189,Unknown
141165,Unknown
141163,Unknown
141159,Unknown
141137,Unknown
141136,Unknown
141123,Unknown
141114,Unknown
141108,Unknown
141103,Unknown
141099,Unknown
141087,Unknown
141075,Unknown
141072,Unknown
141061,Unknown
141048,Unknown
141042,Unknown
141040,Unknown
141033,Unknown
141032,Unknown
141030,Unknown
141012,Unknown
141010,Unknown
141007,Unknown
141006,Unknown
140974,Unknown
140964,Unknown
140959,Unknown
140943,Unknown
140942,Unknown
140941,Unknown
140940,Unknown
140931,Unknown
140926,Unknown
140887,Unknown
140867,Unknown
140862,Unknown
140849,Unknown
140841,Unknown
140835,Unknown
140818,Unknown
140817,Unknown
140815,Unknown
140814,Unknown
140807,Unknown
140804,Unknown
140803,Unknown
140795,Unknown
140789,Unknown
140788,Unknown
140784,Unknown
140781,Unknown
140770,Unknown
140765,Unknown
140763,Unknown
140749,Unknown
140748,Unknown
140745,Unknown
140731,Unknown
140727,Unknown
140723,Unknown
140714,Unknown
140711,Unknown
140709,Unknown
140708,Unknown
140706,Unknown
140705,Unknown
140704,Unknown
140703,Unknown
140698,Unknown
140695,Unknown
140633,Unknown
140623,Unknown
140621,Unknown
140620,Unknown
140619,Unknown
140571,Unknown
140570,Unknown
140501,Unknown
140466,Unknown
140452,Unknown
140451,Unknown
140440,Unknown
140428,Unknown
140427,Unknown
140383,Unknown
140380,Unknown
140314,Unknown
140313,Unknown
140307,Unknown
140296,Unknown
140278,Unknown
140263,Unknown
140249,Unknown
140219,Unknown
140216,Unknown
140214,Unknown
140209,Unknown
140133,Unknown
140132,Unknown
140107,Unknown
140077,Unknown
138664,Unknown
138646,Unknown
138645,Unknown
138613,Unknown
138592,Unknown
138591,Unknown
138585,Unknown
138582,Unknown
138543,Unknown
138542,Unknown
138525,Unknown
138493,Unknown
138429,Unknown
138420,Unknown
138414,Unknown
138411,Unknown
138407,Unknown
138405,Unknown
138403,Unknown
138393,Unknown
138389,Unknown
138388,Unknown
138383,Unknown
138371,Unknown
138361,Unknown
138358,Unknown
138351,Unknown
138315,Unknown
138309,Unknown
138308,Unknown
138251,Unknown
138247,Unknown
138235,Unknown
138214,Unknown
138208,Unknown
138202,Unknown
138188,Unknown
138183,Unknown
138154,Unknown
138150,Unknown
138122,Unknown
137873,Unknown
137868,Unknown
137867,Unknown
137862,Unknown
137851,Unknown
137843,Unknown
137822,Unknown
137820,Unknown
137812,Unknown
137810,Unknown
137803,Unknown
137802,Unknown
137801,Unknown
137791,Unknown
137778,Unknown
137776,Unknown
137745,Unknown
137736,Unknown
137726,Unknown
137725,Unknown
137722,Unknown
137710,Unknown
137702,Unknown
137700,Unknown
137694,Unknown
137691,Unknown
137687,Unknown
137673,Unknown
137671,Unknown
137659,Unknown
137648,Unknown
137645,Unknown
137640,Unknown
137639,Unknown
137626,Unknown
137624,Unknown
137607,Unknown
137605,Unknown
137599,Unknown
137595,Unknown
137593,Unknown
137592,Unknown
137589,Unknown
137587,Unknown
137584,Unknown
137581,Unknown
137576,Unknown
137575,Unknown
137572,Unknown
137571,Unknown
137562,Unknown
137561,Unknown
137559,Unknown
137551,Unknown
137545,Unknown
137543,Unknown
137529,Unknown
137524,Unknown
137523,Unknown
137515,Unknown
137506,Unknown
137491,Unknown
137482,Unknown
137480,Unknown
137475,Unknown
137474,Unknown
137469,Unknown
137462,Unknown
137455,Unknown
137351,Unknown
137349,Unknown
137193,Unknown
136907,Unknown
136904,Unknown
136882,Unknown
135970,Unknown
135963,Unknown
135917,Unknown
135897,Unknown
135870,Unknown
135838,Unknown
135828,Unknown
135812,Unknown
135805,Unknown
135803,Unknown
135795,Unknown
135784,Unknown
135778,Unknown
135771,Unknown
135765,Unknown
135764,Unknown
135758,Unknown
135753,Unknown
135752,Unknown
135751,Unknown
135745,Unknown
135727,Unknown
135726,Unknown
135709,Unknown
135690,Unknown
135677,Unknown
135655,Unknown
135626,Unknown
135625,Unknown
135611,Unknown
135591,Unknown
135585,Unknown
135567,Unknown
135519,Unknown
135517,Unknown
135515,Unknown
135512,Unknown
135508,Unknown
135503,Unknown
135499,Unknown
135497,Unknown
135496,Unknown
135492,Unknown
135484,Unknown
135482,Unknown
135477,Unknown
135476,Unknown
135471,Unknown
135469,Unknown
135468,Unknown
135466,Unknown
135465,Unknown
135464,Unknown
135463,Unknown
135459,Unknown
135458,Unknown
135455,Unknown
135447,Unknown
135444,Unknown
135439,Unknown
135437,Unknown
135426,Unknown
135422,Unknown
135401,Unknown
135395,Unknown
135390,Unknown
135388,Unknown
135380,Unknown
135378,Unknown
135377,Unknown
135362,Unknown
135359,Unknown
135336,Unknown
135280,Unknown
135274,Unknown
135271,Unknown
135265,Unknown
135261,Unknown
135229,Unknown
135225,Unknown
135216,Unknown
135211,Unknown
135210,Unknown
135208,Unknown
135197,Unknown
135164,Unknown
135118,Unknown
135114,Unknown
134926,Unknown
134922,Unknown
134742,Unknown
134731,Unknown
134709,Unknown
134702,Unknown
134650,Unknown
134641,Unknown
134640,Unknown
134639,Unknown
134638,Unknown
134614,Unknown
134609,Unknown
134591,Unknown
134588,Unknown
134570,Unknown
134569,Unknown
134568,Unknown
134564,Unknown
134561,Unknown
134551,Unknown
134538,Unknown
134537,Unknown
134502,Unknown
134501,Unknown
134497,Unknown
134495,Unknown
134482,Unknown
134481,Unknown
134475,Unknown
134473,Unknown
134468,Unknown
134467,Unknown
134464,Unknown
134444,Unknown
134441,Unknown
134435,Unknown
134400,Unknown
134398,Unknown
134393,Unknown
134390,Unknown
134322,Unknown
134321,Unknown
134187,Unknown
134181,Unknown
134176,Unknown
134175,Unknown
134163,Unknown
134148,Unknown
134138,Unknown
134108,Unknown
134089,Unknown
134084,Unknown
134078,Unknown
134071,Unknown
134067,Unknown
134049,Unknown
134048,Unknown
134043,Unknown
134041,Unknown
134040,Unknown
134036,Unknown
134034,Unknown
134004,Unknown
134000,Unknown
133999,Unknown
133997,Unknown
133986,Unknown
133969,Unknown
133968,Unknown
133967,Unknown
133960,Unknown
133947,Unknown
133943,Unknown
133937,Unknown
133936,Unknown
133930,Unknown
133928,Unknown
133919,Unknown
133916,Unknown
133911,Unknown
133906,Unknown
133905,Unknown
133904,Unknown
133898,Unknown
133887,Unknown
133372,Unknown
133369,Unknown
133365,Unknown
133246,Unknown
133230,Unknown
133226,Unknown
132803,Unknown
132802,Unknown
132800,Unknown
132361,Unknown
131983,Unknown
131980,Unknown
131632,Unknown
131438,Unknown
130334,Unknown
130324,Unknown
130322,Unknown
130314,Unknown
130312,Unknown
130306,Unknown
130278,Unknown
130146,Unknown
129905,Unknown
129894,Unknown
129893,Unknown
129892,Unknown
129891,Unknown
129886,Unknown
129881,Unknown
129880,Unknown
129875,Unknown
129866,Unknown
129854,Unknown
129852,Unknown
129816,Unknown
129808,Unknown
129802,Unknown
129801,Unknown
129742,Unknown
129739,Unknown
129728,Unknown
129699,Unknown
129693,Unknown
129679,Unknown
129621,Unknown
129618,Unknown
129611,Unknown
129608,Unknown
129602,Unknown
129601,Unknown
129598,Unknown
129581,Unknown
129563,Unknown
129558,Unknown
129555,Unknown
129549,Unknown
129533,Unknown
129529,Unknown
129522,Unknown
129521,Unknown
129509,Unknown
129503,Unknown
129429,Unknown
129376,Unknown
129335,Unknown
129319,Unknown
129316,Unknown
129258,Unknown
128827,Unknown
128825,Unknown
128821,Unknown
128806,Unknown
128802,Unknown
128798,Unknown
128789,Unknown
128788,Unknown
128735,Unknown
128733,Unknown
128728,Unknown
128723,Unknown
128720,Unknown
128703,Unknown
128701,Unknown
128698,Unknown
128696,Unknown
128695,Unknown
128686,Unknown
128671,Unknown
128669,Unknown
128666,Unknown
128660,Unknown
128659,Unknown
128658,Unknown
128655,Unknown
128654,Unknown
128651,Unknown
128647,Unknown
128593,Unknown
128588,Unknown
128571,Unknown
128567,Unknown
128553,Unknown
128543,Unknown
128497,Unknown
128456,Unknown
128414,Unknown
128407,Unknown
128405,Unknown
128403,Unknown
128396,Unknown
128394,Unknown
128393,Unknown
128364,Unknown
128358,Unknown
128339,Unknown
128338,Unknown
128330,Unknown
128324,Unknown
128314,Unknown
128303,Unknown
128101,Unknown
128096,Unknown
128094,Unknown
128092,Unknown
128085,Unknown
128083,Unknown
128082,Unknown
128081,Unknown
128079,Unknown
128074,Unknown
128046,Unknown
127843,Unknown
127840,Unknown
127836,Unknown
127834,Unknown
127832,Unknown
127830,Unknown
127810,Unknown
127575,Unknown
127574,Unknown
127571,Unknown
127022,Unknown
127018,Unknown
127009,Unknown
127006,Unknown
127005,Unknown
126999,Unknown
126986,Unknown
126788,Unknown
126787,Unknown
126780,Unknown
126772,Unknown
126770,Unknown
126684,Unknown
126681,Unknown
126676,Unknown
126670,Unknown
126622,Unknown
126617,Unknown
126615,Unknown
126613,Unknown
126074,Unknown
126063,Unknown
126062,Unknown
126061,Unknown
126053,Unknown
126049,Unknown
126047,Unknown
126046,Unknown
126040,Unknown
126033,Unknown
126030,Unknown
126027,Unknown
126023,Unknown
126015,Unknown
126011,Unknown
126003,Unknown
125997,Unknown
125994,Unknown
125985,Unknown
125983,Unknown
125976,Unknown
125971,Unknown
125970,Unknown
125961,Unknown
125959,Unknown
125958,Unknown
125957,Unknown
125956,Unknown
125954,Unknown
125948,Unknown
125945,Unknown
125942,Unknown
125936,Unknown
125935,Unknown
125928,Unknown
125921,Unknown
125920,Unknown
125917,Unknown
125913,Unknown
125912,Unknown
125911,Unknown
125909,Unknown
125896,Unknown
125886,Unknown
125881,Unknown
125879,Unknown
125844,Unknown
125839,Unknown
125838,Unknown
125831,Unknown
125826,Unknown
125823,Unknown
125822,Unknown
125815,Unknown
125809,Unknown
125806,Unknown
125776,Unknown
125773,Unknown
125772,Unknown
125639,Unknown
125632,Unknown
125628,Unknown
125624,Unknown
125621,Unknown
125614,Unknown
125610,Unknown
125608,Unknown
125607,Unknown
125606,Unknown
125605,Unknown
125604,Unknown
125536,Unknown
125510,Unknown
125478,Unknown
125473,Unknown
125468,Unknown
125464,Unknown
125460,Unknown
125445,Unknown
125405,Unknown
125398,Unknown
125395,Unknown
125381,Unknown
125379,Unknown
125378,Unknown
125371,Unknown
125366,Unknown
125364,Unknown
125356,Unknown
125354,Unknown
125349,Unknown
124604,Unknown
124592,Unknown
124585,Unknown
124582,Unknown
124088,Unknown
124086,Unknown
124085,Unknown
124080,Unknown
123910,Unknown
123897,Unknown
123895,Unknown
123890,Unknown
123889,Unknown
123884,Unknown
123743,Unknown
123735,Unknown
123506,Unknown
122917,Unknown
122915,Unknown
122621,Unknown
122368,Unknown
122367,Unknown
121825,Unknown
121521,Unknown
121519,Unknown
121497,Unknown
121496,Unknown
121456,Unknown
120887,Unknown
120852,Unknown
120851,Unknown
120849,Unknown
120847,Unknown
118649,Unknown
118645,Unknown
118620,Unknown
118617,Unknown
118589,Unknown
118588,Unknown
118587,Unknown
118582,Unknown
118578,Unknown
118577,Unknown
118534,Unknown
118498,Unknown
118494,Unknown
118489,Unknown
118488,Unknown
118485,Unknown
118484,Unknown
118482,Unknown
118477,Unknown
118465,Unknown
117611,Unknown
117610,Unknown
117607,Unknown
117545,Unknown
117343,Unknown
117339,Unknown
117336,Unknown
117323,Unknown
117322,Unknown
117319,Unknown
117318,Unknown
117310,Unknown
117309,Unknown
117298,Unknown
117293,Unknown
117289,Unknown
117282,Unknown
117281,Unknown
117264,Unknown
117260,Unknown
116776,Unknown
116462,Unknown
116461,Unknown
116362,Unknown
115984,Unknown
115918,Unknown
115907,Unknown
115721,Unknown
115717,Unknown
115714,Unknown
115642,Unknown
115163,Unknown
115058,Unknown
115053,Unknown
115050,Unknown
115039,Unknown
113495,Unknown
113321,Unknown
113319,Unknown
113317,Unknown
113316,Unknown
113314,Unknown
112660,Unknown
112651,Unknown
112646,Unknown
112644,Unknown
112639,Unknown
112631,Unknown
112630,Unknown
112617,Unknown
112596,Unknown
112593,Unknown
112568,Unknown
112563,Unknown
112560,Unknown
112558,Unknown
112553,Unknown
112552,Unknown
112545,Unknown
112543,Unknown
112540,Unknown
112539,Unknown
112448,Unknown
112445,Unknown
112443,Unknown
112440,Unknown
112438,Unknown
111783,Unknown
111118,Unknown
111099,Unknown
110990,Unknown
110989,Unknown
110979,Unknown
110970,Unknown
110968,Unknown
110966,Unknown
110963,Unknown
110962,Unknown
110959,Unknown
110958,Unknown
110956,Unknown
110951,Unknown
110947,Unknown
110943,Unknown
110939,Unknown
110938,Unknown
110935,Unknown
110927,Unknown
110915,Unknown
110911,Unknown
110908,Unknown
110903,Unknown
110902,Unknown
110893,Unknown
110889,Unknown
110888,Unknown
110883,Unknown
110876,Unknown
110873,Unknown
110872,Unknown
110870,Unknown
110865,Unknown
110864,Unknown
110863,Unknown
110861,Unknown
110857,Unknown
110855,Unknown
110854,Unknown
110850,Unknown
110841,Unknown
110839,Unknown
110838,Unknown
110836,Unknown
110834,Unknown
110818,Unknown
110816,Unknown
110812,Unknown
110798,Unknown
110796,Unknown
110795,Unknown
110790,Unknown
110762,Unknown
110758,Unknown
110756,Unknown
110753,Unknown
110749,Unknown
110748,Unknown
110745,Unknown
110740,Unknown
110730,Unknown
110724,Unknown
110720,Unknown
110714,Unknown
110712,Unknown
110711,Unknown
110706,Unknown
110695,Unknown
110693,Unknown
110690,Unknown
110689,Unknown
110685,Unknown
110684,Unknown
110676,Unknown
110675,Unknown
110670,Unknown
110658,Unknown
110653,Unknown
110650,Unknown
110639,Unknown
110616,Unknown
110608,Unknown
110607,Unknown
110605,Unknown
110598,Unknown
110596,Unknown
110592,Unknown
110588,Unknown
110586,Unknown
110585,Unknown
110583,Unknown
110582,Unknown
110581,Unknown
110579,Unknown
110578,Unknown
110573,Unknown
110569,Unknown
110568,Unknown
110566,Unknown
110565,Unknown
110563,Unknown
110559,Unknown
110548,Unknown
110540,Unknown
110538,Unknown
110535,Unknown
110534,Unknown
110529,Unknown
110526,Unknown
110524,Unknown
110522,Unknown
110519,Unknown
110514,Unknown
110507,Unknown
110504,Unknown
110210,Unknown
109051,Unknown
109043,Unknown
108818,Unknown
108757,Unknown
108755,Unknown
108754,Unknown
108751,Unknown
108750,Unknown
108748,Unknown
108747,Unknown
108703,Unknown
108699,Unknown
108698,Unknown
108695,Unknown
108685,Unknown
108674,Unknown
108662,Unknown
108659,Unknown
108657,Unknown
108655,Unknown
108652,Unknown
108649,Unknown
108645,Unknown
108641,Unknown
108640,Unknown
108634,Unknown
108626,Unknown
108625,Unknown
108623,Unknown
108615,Unknown
108205,Unknown
107993,Unknown
107953,Unknown
107950,Unknown
107947,Unknown
107933,Unknown
107914,Unknown
107896,Unknown
107892,Unknown
107831,Unknown
107798,Unknown
107797,Unknown
107788,Unknown
107787,Unknown
107778,Unknown
107772,Unknown
107762,Unknown
107742,Unknown
107740,Unknown
107739,Unknown
107736,Unknown
107735,Unknown
107734,Unknown
107731,Unknown
107686,Unknown
107478,Unknown
107477,Unknown
107472,Unknown
107470,Unknown
107468,Unknown
107467,Unknown
107466,Unknown
106338,Unknown
106337,Unknown
103940,Unknown
103937,Unknown
103936,Unknown
103899,Unknown
103886,Unknown
103878,Unknown
103520,Unknown
103515,Unknown
103513,Unknown
103512,Unknown
103451,Unknown
103118,Unknown
103076,Unknown
103063,Unknown
103062,Unknown
103058,Unknown
103052,Unknown
103049,Unknown
103045,Unknown
102977,Unknown
102964,Unknown
102959,Unknown
102712,Unknown
102684,Unknown
102681,Unknown
102671,Unknown
102665,Unknown
102661,Unknown
102657,Unknown
102656,Unknown
102611,Unknown
102599,Unknown
102598,Unknown
102597,Unknown
102594,Unknown
102592,Unknown
102589,Unknown
102584,Unknown
102583,Unknown
102582,Unknown
102432,Unknown
102418,Unknown
102416,Unknown
102415,Unknown
102411,Unknown
102407,Unknown
102405,Unknown
102375,Unknown
102374,Unknown
102371,Unknown
102368,Unknown
102367,Unknown
102360,Unknown
102358,Unknown
101337,Unknown
101130,Unknown
101126,Unknown
101113,Unknown
98865,Unknown
97031,Unknown
94926,Unknown
94060,Unknown
94047,Unknown
94042,Unknown
94038,Unknown
94032,Unknown
93985,Unknown
93898,Unknown
93723,Unknown
93636,Unknown
93634,Unknown
93437,Unknown
93433,Unknown
93413,Unknown
93411,Unknown
93408,Unknown
93406,Unknown
93405,Unknown
93379,Unknown
93377,Unknown
93370,Unknown
93367,Unknown
93365,Unknown
93361,Unknown
93355,Unknown
93326,Unknown
92465,Unknown
92426,Unknown
92419,Unknown
92232,Unknown
91951,Unknown
91690,Unknown
91689,Unknown
91685,Unknown
91682,Unknown
91662,Unknown
91655,Unknown
91583,Unknown
91562,Unknown
91527,Unknown
91279,Unknown
90633,Unknown
90620,Unknown
90616,Unknown
90482,Unknown
90311,Unknown
90305,Unknown
90259,Unknown
90223,Unknown
90126,Unknown
90086,Unknown
89720,Unknown
89595,Unknown
89562,Unknown
89559,Unknown
89540,Unknown
89521,Unknown
89520,Unknown
89519,Unknown
89517,Unknown
89498,Unknown
89486,Unknown
89365,Unknown
89364,Unknown
89330,Unknown
89167,Unknown
89086,Unknown
89071,Unknown
88499,Unknown
88351,Unknown
88350,Unknown
88349,Unknown
88347,Unknown
88345,Unknown
88344,Unknown
88336,Unknown
88335,Unknown
88322,Unknown
88318,Unknown
88315,Unknown
88314,Unknown
88312,Unknown
88309,Unknown
88308,Unknown
88307,Unknown
88304,Unknown
88302,Unknown
88299,Unknown
88294,Unknown
88286,Unknown
88285,Unknown
88282,Unknown
88279,Unknown
88278,Unknown
88274,Unknown
88272,Unknown
88262,Unknown
88116,Unknown
87645,Unknown
87622,Unknown
87621,Unknown
87620,Unknown
87618,Unknown
87606,Unknown
87589,Unknown
87581,Unknown
87547,Unknown
87545,Unknown
87539,Unknown
87537,Unknown
87505,Unknown
87501,Unknown
87492,Unknown
87487,Unknown
87481,Unknown
87479,Unknown
87469,Unknown
87458,Unknown
87446,Unknown
87443,Unknown
87440,Unknown
87431,Unknown
87430,Unknown
87424,Unknown
87410,Unknown
87398,Unknown
87394,Unknown
87382,Unknown
87380,Unknown
87374,Unknown
87370,Unknown
87368,Unknown
87366,Unknown
87351,Unknown
87345,Unknown
87343,Unknown
87314,Unknown
87312,Unknown
87311,Unknown
87309,Unknown
87297,Unknown
87293,Unknown
87292,Unknown
87291,Unknown
87290,Unknown
87287,Unknown
87282,Unknown
87281,Unknown
87273,Unknown
87272,Unknown
87270,Unknown
87259,Unknown
87258,Unknown
87257,Unknown
87242,Unknown
87235,Unknown
87234,Unknown
87233,Unknown
87232,Unknown
87229,Unknown
87227,Unknown
87226,Unknown
87225,Unknown
87224,Unknown
87223,Unknown
87216,Unknown
87208,Unknown
87200,Unknown
87199,Unknown
87197,Unknown
87184,Unknown
87176,Unknown
87164,Unknown
87163,Unknown
87156,Unknown
87152,Unknown
87151,Unknown
87148,Unknown
87138,Unknown
87115,Unknown
87110,Unknown
87109,Unknown
87102,Unknown
87100,Unknown
87097,Unknown
87095,Unknown
87086,Unknown
87085,Unknown
87084,Unknown
87066,Unknown
87057,Unknown
87053,Unknown
87047,Unknown
87043,Unknown
87041,Unknown
87039,Unknown
87034,Unknown
87033,Unknown
87023,Unknown
87018,Unknown
87014,Unknown
86994,Unknown
86984,Unknown
86981,Unknown
86980,Unknown
86978,Unknown
86974,Unknown
86951,Unknown
86841,Unknown
86832,Unknown
86816,Unknown
86814,Unknown
86807,Unknown
86787,Unknown
86779,Unknown
86773,Unknown
86762,Unknown
86753,Unknown
86742,Unknown
86737,Unknown
86735,Unknown
86734,Unknown
86733,Unknown
86729,Unknown
86728,Unknown
86726,Unknown
86716,Unknown
86714,Unknown
86710,Unknown
86709,Unknown
86702,Unknown
86701,Unknown
86695,Unknown
86694,Unknown
86693,Unknown
86682,Unknown
86679,Unknown
86677,Unknown
86674,Unknown
86671,Unknown
86662,Unknown
86659,Unknown
86656,Unknown
86652,Unknown
86651,Unknown
86647,Unknown
86644,Unknown
86642,Unknown
86607,Unknown
86567,Unknown
86566,Unknown
86565,Unknown
86562,Unknown
86559,Unknown
86558,Unknown
86459,Unknown
86458,Unknown
86457,Unknown
86456,Unknown
86454,Unknown
86446,Unknown
86442,Unknown
86428,Unknown
86374,Unknown
86369,Unknown
86361,Unknown
86356,Unknown
86355,Unknown
86352,Unknown
86346,Unknown
86342,Unknown
86340,Unknown
86334,Unknown
86332,Unknown
86321,Unknown
86314,Unknown
86311,Unknown
86308,Unknown
86305,Unknown
86304,Unknown
86302,Unknown
86296,Unknown
86294,Unknown
86291,Unknown
86288,Unknown
86287,Unknown
86268,Unknown
86267,Unknown
86266,Unknown
86259,Unknown
86256,Unknown
86255,Unknown
86242,Unknown
86238,Unknown
86232,Unknown
86224,Unknown
86216,Unknown
86215,Unknown
86202,Unknown
86194,Unknown
86186,Unknown
86180,Unknown
86165,Unknown
86164,Unknown
86152,Unknown
86150,Unknown
86149,Unknown
86076,Unknown
86073,Unknown
86069,Unknown
86067,Unknown
86048,Unknown
86004,Unknown
86000,Unknown
85998,Unknown
85939,Unknown
85896,Unknown
85870,Unknown
85620,Unknown
85614,Unknown
85602,Unknown
85598,Unknown
85591,Unknown
85583,Unknown
85577,Unknown
85551,Unknown
85546,Unknown
85543,Unknown
85538,Unknown
85537,Unknown
85530,Unknown
85523,Unknown
85519,Unknown
85508,Unknown
85481,Unknown
85477,Unknown
85467,Unknown
85456,Unknown
85452,Unknown
85436,Unknown
85433,Unknown
85432,Unknown
85430,Unknown
85413,Unknown
85394,Unknown
85393,Unknown
85392,Unknown
85389,Unknown
85387,Unknown
85386,Unknown
85385,Unknown
85383,Unknown
85373,Unknown
85367,Unknown
85363,Unknown
85349,Unknown
85347,Unknown
85128,Unknown
81859,Unknown
81653,Unknown
81518,Unknown
81285,Unknown
81245,Unknown
81238,Unknown
81201,Unknown
81199,Unknown
81156,Unknown
81150,Unknown
81143,Unknown
81083,Unknown
81060,Unknown
81050,Unknown
81036,Unknown
81035,Unknown
81009,Unknown
81001,Unknown
80981,Unknown
80944,Unknown
80940,Unknown
80466,Unknown
80008,Unknown
80003,Unknown
80001,Unknown
79999,Unknown
79922,Unknown
79921,Unknown
79903,Unknown
79902,Unknown
79901,Unknown
79899,Unknown
79898,Unknown
79896,Unknown
79894,Unknown
79893,Unknown
79890,Unknown
79882,Unknown
79879,Unknown
79875,Unknown
79872,Unknown
79869,Unknown
79864,Unknown
79863,Unknown
79859,Unknown
79854,Unknown
79848,Unknown
79833,Unknown
79832,Unknown
79829,Unknown
79826,Unknown
79813,Unknown
79811,Unknown
79630,Unknown
79629,Unknown
79621,Unknown
79618,Unknown
79612,Unknown
79611,Unknown
77951,Unknown
77950,Unknown
77941,Unknown
77940,Unknown
77888,Unknown
77887,Unknown
77884,Unknown
77880,Unknown
77879,Unknown
77876,Unknown
74247,Unknown
74213,Unknown
74211,Unknown
74194,Unknown
74192,Unknown
74190,Unknown
74187,Unknown
74186,Unknown
74182,Unknown
74177,Unknown
74174,Unknown
74173,Unknown
74171,Unknown
74169,Unknown
74164,Unknown
74163,Unknown
74159,Unknown
74157,Unknown
74126,Unknown
74122,Unknown
74120,Unknown
74118,Unknown
74115,Unknown
74086,Unknown
74085,Unknown
74080,Unknown
74075,Unknown
74073,Unknown
74070,Unknown
74051,Unknown
74038,Unknown
74036,Unknown
74033,Unknown
74032,Unknown
74024,Unknown
74022,Unknown
73879,Unknown
73867,Unknown
73747,Unknown
73742,Unknown
73729,Unknown
73727,Unknown
73705,Unknown
73702,Unknown
73701,Unknown
73688,Unknown
73678,Unknown
73675,Unknown
73674,Unknown
73661,Unknown
73658,Unknown
73657,Unknown
73654,Unknown
73634,Unknown
73632,Unknown
73626,Unknown
73625,Unknown
73624,Unknown
73623,Unknown
73621,Unknown
73614,Unknown
73613,Unknown
73606,Unknown
73596,Unknown
73594,Unknown
73590,Unknown
73586,Unknown
73583,Unknown
73582,Unknown
73580,Unknown
73579,Unknown
73573,Unknown
73569,Unknown
73565,Unknown
73564,Unknown
73553,Unknown
73549,Unknown
73548,Unknown
73545,Unknown
73543,Unknown
73500,Unknown
73494,Unknown
73426,Unknown
73423,Unknown
73421,Unknown
73418,Unknown
73417,Unknown
73416,Unknown
73405,Unknown
73404,Unknown
73403,Unknown
73389,Unknown
73378,Unknown
73374,Unknown
73370,Unknown
73368,Unknown
73367,Unknown
73363,Unknown
73357,Unknown
73355,Unknown
73352,Unknown
73344,Unknown
73343,Unknown
73338,Unknown
73333,Unknown
73325,Unknown
73219,Unknown
73038,Unknown
72968,Unknown
72922,Unknown
72907,Unknown
72863,Unknown
72857,Unknown
72852,Unknown
72851,Unknown
72845,Unknown
72837,Unknown
72836,Unknown
72835,Unknown
72833,Unknown
72778,Unknown
72773,Unknown
72769,Unknown
72764,Unknown
72762,Unknown
72751,Unknown
72746,Unknown
72732,Unknown
72721,Unknown
72716,Unknown
72715,Unknown
72705,Unknown
72698,Unknown
72693,Unknown
72686,Unknown
72682,Unknown
72677,Unknown
72659,Unknown
72655,Unknown
72652,Unknown
72645,Unknown
72644,Unknown
72643,Unknown
72636,Unknown
72634,Unknown
72633,Unknown
72629,Unknown
72620,Unknown
72610,Unknown
72605,Unknown
72604,Unknown
72602,Unknown
72591,Unknown
72590,Unknown
72574,Unknown
72570,Unknown
72565,Unknown
72564,Unknown
72563,Unknown
72561,Unknown
72437,Unknown
72360,Unknown
71763,Unknown
71750,Unknown
71743,Unknown
71737,Unknown
71733,Unknown
71732,Unknown
71726,Unknown
71723,Unknown
71722,Unknown
71716,Unknown
71714,Unknown
71710,Unknown
71704,Unknown
71702,Unknown
71701,Unknown
71699,Unknown
71697,Unknown
71684,Unknown
71676,Unknown
71670,Unknown
71666,Unknown
71661,Unknown
71658,Unknown
71656,Unknown
71653,Unknown
71650,Unknown
71648,Unknown
71644,Unknown
71642,Unknown
71641,Unknown
71615,Unknown
71614,Unknown
71613,Unknown
71612,Unknown
71607,Unknown
71580,Unknown
71579,Unknown
71563,Unknown
71550,Unknown
71542,Unknown
71534,Unknown
71528,Unknown
71525,Unknown
71524,Unknown
71440,Unknown
71434,Unknown
71433,Unknown
71432,Unknown
71431,Unknown
71427,Unknown
71422,Unknown
71418,Unknown
71417,Unknown
71415,Unknown
71414,Unknown
71407,Unknown
71404,Unknown
71403,Unknown
71398,Unknown
71397,Unknown
71392,Unknown
71391,Unknown
71387,Unknown
71381,Unknown
71375,Unknown
71374,Unknown
71361,Unknown
71358,Unknown
71356,Unknown
71354,Unknown
71337,Unknown
71332,Unknown
71326,Unknown
71324,Unknown
71323,Unknown
71317,Unknown
71316,Unknown
71312,Unknown
71309,Unknown
71308,Unknown
71298,Unknown
71292,Unknown
71291,Unknown
71287,Unknown
71285,Unknown
71279,Unknown
71271,Unknown
71262,Unknown
71254,Unknown
71252,Unknown
71251,Unknown
71246,Unknown
71244,Unknown
71235,Unknown
71231,Unknown
71230,Unknown
71222,Unknown
71221,Unknown
71220,Unknown
71213,Unknown
71210,Unknown
71207,Unknown
71194,Unknown
71179,Unknown
71175,Unknown
71174,Unknown
71173,Unknown
71172,Unknown
71170,Unknown
71161,Unknown
71158,Unknown
71155,Unknown
71146,Unknown
71134,Unknown
71130,Unknown
71126,Unknown
71124,Unknown
71120,Unknown
71115,Unknown
71113,Unknown
71112,Unknown
71106,Unknown
71103,Unknown
71091,Unknown
71089,Unknown
71085,Unknown
71078,Unknown
71074,Unknown
71068,Unknown
71066,Unknown
71062,Unknown
71053,Unknown
71051,Unknown
71048,Unknown
71039,Unknown
71036,Unknown
71034,Unknown
71030,Unknown
71026,Unknown
71025,Unknown
71024,Unknown
71023,Unknown
71018,Unknown
71010,Unknown
71006,Unknown
71002,Unknown
70998,Unknown
70992,Unknown
70988,Unknown
70979,Unknown
70978,Unknown
70972,Unknown
70969,Unknown
70960,Unknown
70942,Unknown
70939,Unknown
70930,Unknown
70916,Unknown
70912,Unknown
70909,Unknown
70900,Unknown
70896,Unknown
70812,Unknown
70805,Unknown
70801,Unknown
70797,Unknown
70794,Unknown
70790,Unknown
70788,Unknown
70783,Unknown
70780,Unknown
70779,Unknown
70772,Unknown
70767,Unknown
70762,Unknown
70758,Unknown
70746,Unknown
70745,Unknown
70738,Unknown
70732,Unknown
70730,Unknown
70726,Unknown
70720,Unknown
70708,Unknown
70685,Unknown
70682,Unknown
70646,Unknown
70643,Unknown
70636,Unknown
70633,Unknown
70632,Unknown
70631,Unknown
70629,Unknown
70624,Unknown
70623,Unknown
70618,Unknown
70615,Unknown
70612,Unknown
70576,Unknown
70573,Unknown
70567,Unknown
70564,Unknown
70562,Unknown
70561,Unknown
70556,Unknown
70555,Unknown
70554,Unknown
70535,Unknown
70533,Unknown
70532,Unknown
70531,Unknown
70529,Unknown
70527,Unknown
70513,Unknown
70512,Unknown
70510,Unknown
70505,Unknown
70502,Unknown
70497,Unknown
70495,Unknown
70478,Unknown
70477,Unknown
70469,Unknown
70468,Unknown
70453,Unknown
70442,Unknown
70430,Unknown
70412,Unknown
70409,Unknown
70404,Unknown
70401,Unknown
70400,Unknown
70390,Unknown
70389,Unknown
70383,Unknown
70381,Unknown
70373,Unknown
70366,Unknown
70346,Unknown
70345,Unknown
70344,Unknown
70337,Unknown
70335,Unknown
70326,Unknown
70321,Unknown
70320,Unknown
70317,Unknown
70307,Unknown
70306,Unknown
70300,Unknown
70292,Unknown
70289,Unknown
70285,Unknown
70284,Unknown
70280,Unknown
70278,Unknown
70275,Unknown
70273,Unknown
70272,Unknown
70269,Unknown
70266,Unknown
70262,Unknown
70250,Unknown
70247,Unknown
70243,Unknown
70236,Unknown
70210,Unknown
70208,Unknown
70194,Unknown
70186,Unknown
70185,Unknown
70172,Unknown
70163,Unknown
70161,Unknown
70147,Unknown
70145,Unknown
70142,Unknown
70137,Unknown
70132,Unknown
70124,Unknown
70122,Unknown
70105,Unknown
70096,Unknown
70069,Unknown
70058,Unknown
70056,Unknown
70055,Unknown
70054,Unknown
70049,Unknown
70046,Unknown
70042,Unknown
70039,Unknown
70029,Unknown
70025,Unknown
70022,Unknown
70017,Unknown
70015,Unknown
70014,Unknown
70012,Unknown
70011,Unknown
70005,Unknown
69997,Unknown
69992,Unknown
69986,Unknown
69981,Unknown
69979,Unknown
69977,Unknown
69967,Unknown
69965,Unknown
69960,Unknown
69957,Unknown
69954,Unknown
69953,Unknown
69952,Unknown
69951,Unknown
69921,Unknown
69915,Unknown
69910,Unknown
69905,Unknown
69901,Unknown
69896,Unknown
69895,Unknown
69886,Unknown
69883,Unknown
69879,Unknown
69871,Unknown
69866,Unknown
69863,Unknown
69861,Unknown
69849,Unknown
69848,Unknown
69835,Unknown
69819,Unknown
69814,Unknown
69813,Unknown
69807,Unknown
69804,Unknown
69800,Unknown
69795,Unknown
69768,Unknown
69764,Unknown
69757,Unknown
69754,Unknown
69751,Unknown
69741,Unknown
69737,Unknown
69729,Unknown
69722,Unknown
69720,Unknown
69716,Unknown
69707,Unknown
69687,Unknown
69679,Unknown
69674,Unknown
69671,Unknown
69670,Unknown
69661,Unknown
69660,Unknown
69659,Unknown
69650,Unknown
69645,Unknown
69640,Unknown
69634,Unknown
69633,Unknown
69631,Unknown
69624,Unknown
69623,Unknown
69622,Unknown
69608,Unknown
69604,Unknown
69603,Unknown
69596,Unknown
69593,Unknown
69588,Unknown
69587,Unknown
69584,Unknown
69578,Unknown
69569,Unknown
69567,Unknown
69561,Unknown
69555,Unknown
69540,Unknown
69525,Unknown
69521,Unknown
69510,Unknown
69497,Unknown
69495,Unknown
69490,Unknown
69485,Unknown
69477,Unknown
69474,Unknown
69465,Unknown
69461,Unknown
69459,Unknown
69454,Unknown
69452,Unknown
69449,Unknown
69443,Unknown
69439,Unknown
69421,Unknown
69418,Unknown
69414,Unknown
69403,Unknown
69399,Unknown
69397,Unknown
69395,Unknown
69390,Unknown
69381,Unknown
69379,Unknown
69373,Unknown
69362,Unknown
69344,Unknown
69342,Unknown
69338,Unknown
69326,Unknown
69321,Unknown
69315,Unknown
69300,Unknown
69299,Unknown
69298,Unknown
69296,Unknown
69286,Unknown
69284,Unknown
69283,Unknown
69274,Unknown
69271,Unknown
69267,Unknown
69266,Unknown
69264,Unknown
69258,Unknown
69257,Unknown
69255,Unknown
69254,Unknown
69251,Unknown
69248,Unknown
69238,Unknown
69229,Unknown
69224,Unknown
69220,Unknown
69215,Unknown
69203,Unknown
69196,Unknown
69194,Unknown
69193,Unknown
69189,Unknown
69188,Unknown
69181,Unknown
69168,Unknown
69164,Unknown
69159,Unknown
69147,Unknown
69142,Unknown
69141,Unknown
69135,Unknown
69133,Unknown
69130,Unknown
69128,Unknown
69125,Unknown
69121,Unknown
69112,Unknown
69109,Unknown
69106,Unknown
69104,Unknown
69097,Unknown
69084,Unknown
69079,Unknown
69078,Unknown
69072,Unknown
69071,Unknown
69069,Unknown
69068,Unknown
69058,Unknown
69043,Unknown
69042,Unknown
69041,Unknown
69037,Unknown
69025,Unknown
69014,Unknown
69002,Unknown
68982,Unknown
68979,Unknown
68972,Unknown
68955,Unknown
68949,Unknown
68947,Unknown
68940,Unknown
68939,Unknown
68924,Unknown
68922,Unknown
68906,Unknown
68900,Unknown
68895,Unknown
68887,Unknown
68875,Unknown
68865,Unknown
68863,Unknown
68856,Unknown
68844,Unknown
68839,Unknown
68833,Unknown
68826,Unknown
68815,Unknown
68812,Unknown
68810,Unknown
68806,Unknown
68796,Unknown
68790,Unknown
68788,Unknown
68786,Unknown
68782,Unknown
68772,Unknown
68770,Unknown
68768,Unknown
68765,Unknown
68763,Unknown
68759,Unknown
68758,Unknown
68757,Unknown
68756,Unknown
68755,Unknown
68753,Unknown
68740,Unknown
68734,Unknown
68719,Unknown
68710,Unknown
68708,Unknown
68673,Unknown
68672,Unknown
68667,Unknown
68664,Unknown
68663,Unknown
68650,Unknown
68648,Unknown
68647,Unknown
68644,Unknown
68642,Unknown
68640,Unknown
68639,Unknown
68637,Unknown
68636,Unknown
68630,Unknown
68627,Unknown
68608,Unknown
68607,Unknown
68605,Unknown
68603,Unknown
68595,Unknown
68593,Unknown
68582,Unknown
68578,Unknown
68572,Unknown
68560,Unknown
68559,Unknown
68554,Unknown
68547,Unknown
68535,Unknown
68531,Unknown
68524,Unknown
68518,Unknown
68510,Unknown
68504,Unknown
68502,Unknown
68498,Unknown
68491,Unknown
68490,Unknown
68486,Unknown
68484,Unknown
68483,Unknown
68475,Unknown
68467,Unknown
68466,Unknown
68465,Unknown
68463,Unknown
68459,Unknown
68454,Unknown
68450,Unknown
68443,Unknown
68442,Unknown
68434,Unknown
68429,Unknown
68426,Unknown
68422,Unknown
68415,Unknown
68403,Unknown
68394,Unknown
68392,Unknown
68391,Unknown
68387,Unknown
68385,Unknown
68375,Unknown
68368,Unknown
68360,Unknown
68350,Unknown
68347,Unknown
68345,Unknown
68344,Unknown
68333,Unknown
68331,Unknown
68319,Unknown
68317,Unknown
68313,Unknown
68309,Unknown
68307,Unknown
68299,Unknown
68295,Unknown
68287,Unknown
68281,Unknown
68275,Unknown
68274,Unknown
68272,Unknown
68256,Unknown
68234,Unknown
68218,Unknown
68206,Unknown
68203,Unknown
68199,Unknown
68189,Unknown
68187,Unknown
68185,Unknown
68173,Unknown
68172,Unknown
68156,Unknown
68145,Unknown
68143,Unknown
68140,Unknown
68133,Unknown
68132,Unknown
68125,Unknown
68120,Unknown
68118,Unknown
68116,Unknown
68109,Unknown
68106,Unknown
68104,Unknown
68092,Unknown
68091,Unknown
68090,Unknown
68087,Unknown
68085,Unknown
68080,Unknown
68070,Unknown
68066,Unknown
68059,Unknown
68058,Unknown
68051,Unknown
68045,Unknown
68039,Unknown
68029,Unknown
68022,Unknown
68020,Unknown
68009,Unknown
68004,Unknown
67992,Unknown
67990,Unknown
67974,Unknown
67971,Unknown
67954,Unknown
67953,Unknown
67951,Unknown
67938,Unknown
67935,Unknown
67925,Unknown
67916,Unknown
67911,Unknown
67908,Unknown
67895,Unknown
67893,Unknown
67884,Unknown
67875,Unknown
67870,Unknown
67857,Unknown
67852,Unknown
67839,Unknown
67838,Unknown
67837,Unknown
67830,Unknown
67824,Unknown
67818,Unknown
67806,Unknown
67796,Unknown
67795,Unknown
67794,Unknown
67773,Unknown
67771,Unknown
67770,Unknown
67769,Unknown
67768,Unknown
67767,Unknown
67766,Unknown
67750,Unknown
67748,Unknown
67737,Unknown
67736,Unknown
67722,Unknown
67718,Unknown
67713,Unknown
67711,Unknown
67710,Unknown
67700,Unknown
67699,Unknown
67690,Unknown
67685,Unknown
67684,Unknown
67682,Unknown
67676,Unknown
67666,Unknown
67665,Unknown
67662,Unknown
67660,Unknown
67653,Unknown
67646,Unknown
67643,Unknown
67637,Unknown
67636,Unknown
67633,Unknown
67628,Unknown
67626,Unknown
67625,Unknown
67624,Unknown
67623,Unknown
67621,Unknown
67618,Unknown
67595,Unknown
67594,Unknown
67589,Unknown
67587,Unknown
67586,Unknown
67584,Unknown
67574,Unknown
67573,Unknown
67569,Unknown
67568,Unknown
67567,Unknown
67563,Unknown
67555,Unknown
67554,Unknown
67546,Unknown
67543,Unknown
67539,Unknown
67537,Unknown
67535,Unknown
67528,Unknown
67525,Unknown
67524,Unknown
67522,Unknown
67521,Unknown
67520,Unknown
67510,Unknown
67506,Unknown
67502,Unknown
67501,Unknown
67495,Unknown
67488,Unknown
67487,Unknown
67477,Unknown
67467,Unknown
67461,Unknown
67458,Unknown
67457,Unknown
67446,Unknown
67445,Unknown
67444,Unknown
67423,Unknown
67421,Unknown
67418,Unknown
67410,Unknown
67406,Unknown
67399,Unknown
67391,Unknown
67390,Unknown
67389,Unknown
67386,Unknown
67383,Unknown
67380,Unknown
67372,Unknown
67368,Unknown
67365,Unknown
67364,Unknown
67362,Unknown
67359,Unknown
67346,Unknown
67340,Unknown
67336,Unknown
67333,Unknown
67305,Unknown
67295,Unknown
67293,Unknown
67291,Unknown
67287,Unknown
67286,Unknown
67284,Unknown
67283,Unknown
67274,Unknown
67259,Unknown
67257,Unknown
67255,Unknown
67250,Unknown
67243,Unknown
67241,Unknown
67238,Unknown
67221,Unknown
67219,Unknown
67210,Unknown
67209,Unknown
65857,Unknown
65722,Unknown
65653,Unknown
65650,Unknown
65645,Unknown
65642,Unknown
65641,Unknown
65640,Unknown
65587,Unknown
65582,Unknown
65580,Unknown
65578,Unknown
65576,Unknown
65569,Unknown
65568,Unknown
65567,Unknown
65544,Unknown
65540,Unknown
65530,Unknown
65519,Unknown
65518,Unknown
65515,Unknown
65510,Unknown
65507,Unknown
65503,Unknown
65499,Unknown
65493,Unknown
65490,Unknown
65486,Unknown
65480,Unknown
65477,Unknown
65476,Unknown
65474,Unknown
65466,Unknown
65456,Unknown
65451,Unknown
65449,Unknown
65448,Unknown
65433,Unknown
65420,Unknown
65418,Unknown
65417,Unknown
65416,Unknown
65297,Unknown
65292,Unknown
65289,Unknown
65287,Unknown
65285,Unknown
65283,Unknown
65272,Unknown
65254,Unknown
65250,Unknown
65247,Unknown
65243,Unknown
65221,Unknown
65204,Unknown
65198,Unknown
65193,Unknown
65191,Unknown
65190,Unknown
65186,Unknown
65185,Unknown
65181,Unknown
65173,Unknown
65171,Unknown
65167,Unknown
65151,Unknown
65141,Unknown
65136,Unknown
65135,Unknown
65128,Unknown
65124,Unknown
65106,Unknown
65096,Unknown
65094,Unknown
65084,Unknown
65078,Unknown
65075,Unknown
65072,Unknown
65068,Unknown
65066,Unknown
65063,Unknown
65058,Unknown
65056,Unknown
65043,Unknown
65041,Unknown
65040,Unknown
65032,Unknown
65029,Unknown
65027,Unknown
65019,Unknown
65017,Unknown
65015,Unknown
65009,Unknown
65003,Unknown
64697,Unknown
64684,Unknown
64681,Unknown
64675,Unknown
64674,Unknown
64672,Unknown
64633,Unknown
64632,Unknown
64627,Unknown
64626,Unknown
64620,Unknown
64616,Unknown
64614,Unknown
64612,Unknown
64603,Unknown
64601,Unknown
64594,Unknown
64588,Unknown
64581,Unknown
64578,Unknown
64574,Unknown
64573,Unknown
64568,Unknown
64563,Unknown
64561,Unknown
64559,Unknown
64550,Unknown
64540,Unknown
64535,Unknown
64533,Unknown
64528,Unknown
64513,Unknown
64512,Unknown
64509,Unknown
64508,Unknown
64491,Unknown
64490,Unknown
64486,Unknown
64483,Unknown
64480,Unknown
64476,Unknown
64475,Unknown
64471,Unknown
64463,Unknown
64462,Unknown
64460,Unknown
64450,Unknown
64449,Unknown
64446,Unknown
64437,Unknown
64431,Unknown
64429,Unknown
64417,Unknown
64413,Unknown
64411,Unknown
64371,Unknown
64353,Unknown
64344,Unknown
64343,Unknown
62942,Unknown
62941,Unknown
62934,Unknown
62927,Unknown
62916,Unknown
62908,Unknown
62873,Unknown
62856,Unknown
62845,Unknown
62766,Unknown
62756,Unknown
62752,Unknown
62750,Unknown
62747,Unknown
62746,Unknown
62731,Unknown
62725,Unknown
62721,Unknown
62717,Unknown
62702,Unknown
62692,Unknown
62687,Unknown
62677,Unknown
62667,Unknown
62666,Unknown
62663,Unknown
62660,Unknown
62659,Unknown
62650,Unknown
62644,Unknown
62643,Unknown
62641,Unknown
62634,Unknown
62631,Unknown
62627,Unknown
62618,Unknown
62616,Unknown
62611,Unknown
62605,Unknown
62597,Unknown
62596,Unknown
62590,Unknown
62568,Unknown
62567,Unknown
62548,Unknown
62539,Unknown
62521,Unknown
62362,Unknown
62341,Unknown
62337,Unknown
62332,Unknown
62331,Unknown
62327,Unknown
62310,Unknown
62304,Unknown
62300,Unknown
62294,Unknown
62285,Unknown
62270,Unknown
62258,Unknown
62257,Unknown
62253,Unknown
62249,Unknown
62246,Unknown
62233,Unknown
62220,Unknown
62219,Unknown
62217,Unknown
62211,Unknown
62210,Unknown
62198,Unknown
62196,Unknown
62188,Unknown
62181,Unknown
62180,Unknown
62174,Unknown
62170,Unknown
62169,Unknown
62162,Unknown
62142,Unknown
62106,Unknown
62104,Unknown
62098,Unknown
62093,Unknown
62091,Unknown
62073,Unknown
62071,Unknown
62068,Unknown
62067,Unknown
62066,Unknown
62062,Unknown
62061,Unknown
62050,Unknown
62046,Unknown
62044,Unknown
62038,Unknown
62037,Unknown
62031,Unknown
62021,Unknown
62008,Unknown
62001,Unknown
61998,Unknown
61993,Unknown
61985,Unknown
61983,Unknown
61981,Unknown
61980,Unknown
61977,Unknown
61920,Unknown
61910,Unknown
61906,Unknown
61901,Unknown
61895,Unknown
61894,Unknown
61891,Unknown
61887,Unknown
61883,Unknown
61873,Unknown
61871,Unknown
61865,Unknown
61852,Unknown
61832,Unknown
61829,Unknown
61828,Unknown
61825,Unknown
61824,Unknown
61821,Unknown
61814,Unknown
61811,Unknown
61808,Unknown
61792,Unknown
61785,Unknown
61781,Unknown
61780,Unknown
61775,Unknown
61772,Unknown
61762,Unknown
61735,Unknown
61732,Unknown
61731,Unknown
61728,Unknown
61726,Unknown
61725,Unknown
61721,Unknown
61717,Unknown
61711,Unknown
61709,Unknown
61700,Unknown
61699,Unknown
61693,Unknown
61692,Unknown
61688,Unknown
61674,Unknown
61672,Unknown
61661,Unknown
61652,Unknown
61651,Unknown
61650,Unknown
61642,Unknown
61641,Unknown
61637,Unknown
61636,Unknown
61631,Unknown
61626,Unknown
61625,Unknown
61620,Unknown
61613,Unknown
61604,Unknown
61506,Unknown
61504,Unknown
61472,Unknown
61451,Unknown
61272,Unknown
61136,Unknown
61108,Unknown
61099,Unknown
61091,Unknown
61053,Unknown
61052,Unknown
61013,Unknown
60801,Unknown
60788,Unknown
60785,Unknown
60758,Unknown
60606,Unknown
60599,Unknown
60598,Unknown
60586,Unknown
60582,Unknown
60580,Unknown
60558,Unknown
60542,Unknown
60531,Unknown
60526,Unknown
60525,Unknown
60494,Unknown
60488,Unknown
60482,Unknown
60474,Unknown
60451,Unknown
60446,Unknown
60433,Unknown
60423,Unknown
60415,Unknown
60407,Unknown
60405,Unknown
60395,Unknown
60381,Unknown
60376,Unknown
60375,Unknown
60373,Unknown
60369,Unknown
60367,Unknown
60366,Unknown
60365,Unknown
60356,Unknown
60354,Unknown
60353,Unknown
60329,Unknown
60328,Unknown
60322,Unknown
60320,Unknown
60314,Unknown
60304,Unknown
60301,Unknown
60295,Unknown
60293,Unknown
60290,Unknown
59960,Unknown
59959,Unknown
59953,Unknown
59933,Unknown
59932,Unknown
59930,Unknown
59917,Unknown
59905,Unknown
59896,Unknown
59893,Unknown
59892,Unknown
59883,Unknown
59877,Unknown
59875,Unknown
59873,Unknown
59863,Unknown
59862,Unknown
59861,Unknown
59860,Unknown
59857,Unknown
59852,Unknown
59846,Unknown
59833,Unknown
59829,Unknown
59824,Unknown
59822,Unknown
59817,Unknown
59810,Unknown
59808,Unknown
59803,Unknown
59802,Unknown
59790,Unknown
59789,Unknown
59783,Unknown
59779,Unknown
59772,Unknown
59766,Unknown
59722,Unknown
59636,Unknown
59632,Unknown
59630,Unknown
59614,Unknown
59607,Unknown
59602,Unknown
59601,Unknown
59595,Unknown
59588,Unknown
59583,Unknown
59581,Unknown
59579,Unknown
59576,Unknown
59575,Unknown
59569,Unknown
59567,Unknown
59563,Unknown
59562,Unknown
59561,Unknown
59557,Unknown
59556,Unknown
59555,Unknown
59552,Unknown
59542,Unknown
59540,Unknown
59539,Unknown
59530,Unknown
59528,Unknown
59522,Unknown
59517,Unknown
59515,Unknown
59514,Unknown
59508,Unknown
59496,Unknown
59491,Unknown
59485,Unknown
59481,Unknown
59480,Unknown
59473,Unknown
59469,Unknown
59456,Unknown
59453,Unknown
59450,Unknown
59447,Unknown
59443,Unknown
59426,Unknown
59421,Unknown
59416,Unknown
59412,Unknown
59408,Unknown
59405,Unknown
59393,Unknown
59390,Unknown
59388,Unknown
59385,Unknown
59384,Unknown
59383,Unknown
59371,Unknown
59360,Unknown
59351,Unknown
59344,Unknown
59339,Unknown
59330,Unknown
59324,Unknown
59322,Unknown
59309,Unknown
59119,Unknown
59105,Unknown
59092,Unknown
59088,Unknown
59082,Unknown
59080,Unknown
58896,Unknown
58890,Unknown
58874,Unknown
58866,Unknown
58860,Unknown
58412,Unknown
58406,Unknown
58405,Unknown
58399,Unknown
58384,Unknown
58383,Unknown
58346,Unknown
58323,Unknown
58321,Unknown
58307,Unknown
58287,Unknown
58280,Unknown
58279,Unknown
58278,Unknown
58275,Unknown
58274,Unknown
58269,Unknown
58265,Unknown
58152,Unknown
58150,Unknown
58143,Unknown
58135,Unknown
58122,Unknown
58120,Unknown
58118,Unknown
58115,Unknown
58107,Unknown
58103,Unknown
58098,Unknown
58096,Unknown
58095,Unknown
58094,Unknown
58085,Unknown
58080,Unknown
58071,Unknown
58058,Unknown
58057,Unknown
58046,Unknown
58045,Unknown
57988,Unknown
57960,Unknown
57947,Unknown
57946,Unknown
57933,Unknown
57920,Unknown
57917,Unknown
57896,Unknown
57894,Unknown
57873,Unknown
57869,Unknown
57862,Unknown
57853,Unknown
57839,Unknown
57837,Unknown
57835,Unknown
57833,Unknown
57832,Unknown
57829,Unknown
57826,Unknown
57825,Unknown
57819,Unknown
57804,Unknown
57803,Unknown
57798,Unknown
57780,Unknown
57775,Unknown
57752,Unknown
57751,Unknown
57725,Unknown
57717,Unknown
57695,Unknown
57683,Unknown
57678,Unknown
57674,Unknown
57670,Unknown
57660,Unknown
57658,Unknown
57656,Unknown
57655,Unknown
57643,Unknown
57642,Unknown
57632,Unknown
57624,Unknown
57613,Unknown
57610,Unknown
57609,Unknown
57607,Unknown
57603,Unknown
57584,Unknown
57573,Unknown
57555,Unknown
57528,Unknown
57520,Unknown
57517,Unknown
57511,Unknown
57509,Unknown
57508,Unknown
57496,Unknown
57473,Unknown
57471,Unknown
57385,Unknown
57383,Unknown
57374,Unknown
57371,Unknown
57369,Unknown
57367,Unknown
57348,Unknown
57346,Unknown
57344,Unknown
57343,Unknown
57341,Unknown
57339,Unknown
57233,Unknown
57232,Unknown
57211,Unknown
57165,Unknown
57130,Unknown
57122,Unknown
57118,Unknown
57117,Unknown
57108,Unknown
57080,Unknown
57039,Unknown
57035,Unknown
57021,Unknown
57020,Unknown
57012,Unknown
57010,Unknown
57007,Unknown
56998,Unknown
56991,Unknown
56980,Unknown
56973,Unknown
56966,Unknown
56964,Unknown
56954,Unknown
56949,Unknown
56946,Unknown
56944,Unknown
56939,Unknown
56933,Unknown
56926,Unknown
56923,Unknown
56911,Unknown
56899,Unknown
56898,Unknown
56894,Unknown
56892,Unknown
56891,Unknown
56889,Unknown
56887,Unknown
56884,Unknown
56875,Unknown
56874,Unknown
56872,Unknown
56867,Unknown
56865,Unknown
56862,Unknown
56844,Unknown
56841,Unknown
56839,Unknown
56837,Unknown
56834,Unknown
56826,Unknown
56822,Unknown
56819,Unknown
56815,Unknown
56802,Unknown
56800,Unknown
56793,Unknown
56789,Unknown
56788,Unknown
56787,Unknown
56779,Unknown
56778,Unknown
56777,Unknown
56774,Unknown
56763,Unknown
56755,Unknown
56754,Unknown
56753,Unknown
56751,Unknown
56744,Unknown
56741,Unknown
56734,Unknown
56733,Unknown
56729,Unknown
56728,Unknown
56721,Unknown
56718,Unknown
56714,Unknown
56710,Unknown
56706,Unknown
56695,Unknown
56694,Unknown
56684,Unknown
56683,Unknown
56675,Unknown
56665,Unknown
56656,Unknown
56653,Unknown
56647,Unknown
56633,Unknown
56630,Unknown
56626,Unknown
56622,Unknown
56609,Unknown
56607,Unknown
56606,Unknown
56605,Unknown
56604,Unknown
56601,Unknown
