object_id,aligned_material
"1948,0716.30",Unknown
As.3593,Unknown
"As,SLMisc.594",Unknown
OA+.6644,Unknown
"2019,4106.1",Unknown
"As,SLMisc.552.b",Unknown
"2001,0618.1",Unknown
"1909,0611.1",Unknown
"1907,1105.2",Unknown
OA+.152,Unknown
"1938,0524.6",Unknown
MAS.1073,Unknown
OA+.151,Unknown
"2014,4004.11",Unknown
"2014,4004.12",Unknown
"2005,0414.1",Unknown
"2014,4004.10",Unknown
"2014,4004.9",Unknown
"2015,4055.1",Unknown
"2014,4034.8",Unknown
"2015,4094.1",Unknown
"2009,4182.4",Unknown
"2015,4094.2",Unknown
"1993,0813,0.1",Unknown
"1991,0219,0.11.1-3",Unknown
"1986,0319,0.44",Unknown
"As1906,1226.29",Unknown
"1979,1012.4",Unknown
"1979,1012.1",Unknown
"1979,1012.39",Unknown
"1979,1012.28",Unknown
"1979,1012.5",Unknown
"1979,1012.9",Unknown
"1979,1012.23",Unknown
"1979,1012.7",Unknown
"1979,1012.14",Unknown
"1979,1012.27",Unknown
"1959,0216.15",Unknown
As.7097,Unknown
OA+.3873,Unknown
"1979,1012.8",Unknown
OA+.3874,Unknown
As.7104,Unknown
OA+.3872,Unknown
OA+.3880,Unknown
As.7093,Unknown
OA+.3878,Unknown
"1979,1012.24",Unknown
"1979,1012.18",Unknown
"1979,1012.19",Unknown
"1979,1012.20",Unknown
"1959,0216.16",Unknown
"1979,1012.6",Unknown
"1979,1012.36",Unknown
"1979,1012.32",Unknown
"1979,1012.2",Unknown
"1950,0405.18",Unknown
"1979,1012.3",Unknown
"1979,1012.33",Unknown
"1979,1012.11",Unknown
"1979,1012.12",Unknown
"1979,1012.13",Unknown
"1979,1012.26",Unknown
"2018,6015.6",Unknown
"As1925,0615.1",Unknown
"1979,1012.10",Unknown
As.7098,Unknown
OA+.3875,Unknown
OA+.3881,Unknown
As.7094,Unknown
OA+.3879,Unknown
As.7095,Unknown
"1979,1012.21",Unknown
"1979,1012.15",Unknown
"1979,1012.34",Unknown
"1963,1014.6",Unknown
"1979,1012.22",Unknown
As.7099,Unknown
"1979,1012.16",Unknown
"1979,1012.35",Unknown
"1979,1012.29",Unknown
"1979,1012.17",Unknown
"1979,1012.30",Unknown
"1979,1012.43",Unknown
"1979,1012.37",Unknown
"1979,1012.31",Unknown
"1979,1012.25",Unknown
"1926,1204.24",Unknown
"1936,1007.2",Unknown
"1936,1007.5",Unknown
"1913,0721.7",Unknown
"1936,1007.3",Unknown
"1905,0518.75.a-b",Unknown
Franks.807,Unknown
"1962,1231,0.5.1-28",Unknown
"1869,0508,0.1",Unknown
"1948,0710,0.34.16",Unknown
"1934,0512,0.1.1-16",Unknown
"1986,0313,0.1.137",Unknown
"1986,0313,0.1.208",Unknown
5cc48dc5a511,
8831d3c5f3a9,
20858,Unknown
20886,Unknown
20866,Unknown
227129,Unknown
226957,Unknown
227529,Unknown
226910,Unknown
226110,Unknown
226109,Unknown
226111,Unknown
225895,Unknown
225876,Unknown
226553,Unknown
225893,Unknown
225904,Unknown
226669,Unknown
227531,Unknown
226696,Unknown
225896,Unknown
226384,Unknown
225867,Unknown
226061,Unknown
226064,Unknown
226063,Unknown
225881,Unknown
225892,Unknown
225495,Unknown
225769,Unknown
225658,Unknown
226382,Unknown
226383,Unknown
225656,Unknown
225877,Unknown
226551,Unknown
225861,Unknown
226575,Unknown
226920,Unknown
225894,Unknown
226695,Unknown
226206,Unknown
225768,Unknown
225929,Unknown
226487,Unknown
225513,Unknown
225429,Unknown
225000,Unknown
224943,Unknown
225738,Unknown
225139,Unknown
225001,Unknown
225296,Unknown
225515,Unknown
225427,Unknown
225518,Unknown
225759,Unknown
225294,Unknown
225758,Unknown
225910,Unknown
225767,Unknown
225761,Unknown
225760,Unknown
225764,Unknown
225762,Unknown
225765,Unknown
225763,Unknown
225766,Unknown
225497,Unknown
225860,Unknown
225292,Unknown
226701,Unknown
225287,Unknown
226599,Unknown
226511,Unknown
225871,Unknown
225425,Unknown
225728,Unknown
225521,Unknown
225537,Unknown
225514,Unknown
226907,Unknown
226912,Unknown
225650,Unknown
225013,Unknown
224999,Unknown
225773,Unknown
226922,Unknown
225771,Unknown
225887,Unknown
225039,Unknown
225038,Unknown
225071,Unknown
225049,Unknown
225046,Unknown
225053,Unknown
225048,Unknown
224941,Unknown
225488,Unknown
225646,Unknown
225050,Unknown
224897,Unknown
225770,Unknown
225434,Unknown
225041,Unknown
225030,Unknown
225032,Unknown
225519,Unknown
225878,Unknown
225035,Unknown
225967,Unknown
225034,Unknown
225754,Unknown
225753,Unknown
225804,Unknown
226911,Unknown
226913,Unknown
226956,Unknown
226914,Unknown
224946,Unknown
225470,Unknown
227519,Unknown
225879,Unknown
224995,Unknown
225866,Unknown
225282,Unknown
224802,Unknown
224876,Unknown
224940,Unknown
224801,Unknown
225027,Unknown
224805,Unknown
224873,Unknown
224869,Unknown
225052,Unknown
224875,Unknown
225047,Unknown
224930,Unknown
224894,Unknown
224877,Unknown
225733,Unknown
225755,Unknown
224878,Unknown
225859,Unknown
224994,Unknown
225752,Unknown
225880,Unknown
224881,Unknown
224939,Unknown
226550,Unknown
226058,Unknown
226649,Unknown
226647,Unknown
226646,Unknown
226642,Unknown
226643,Unknown
226645,Unknown
226648,Unknown
226644,Unknown
226670,Unknown
226915,Unknown
226917,Unknown
226916,Unknown
225776,Unknown
224735,Unknown
224858,Unknown
217135,Unknown
224724,Unknown
225155,Unknown
224874,Unknown
224796,Unknown
224712,Unknown
224896,Unknown
224859,Unknown
224734,Unknown
224730,Unknown
224879,Unknown
224871,Unknown
224464,Unknown
224867,Unknown
224794,Unknown
224452,Unknown
225037,Unknown
225129,Unknown
225128,Unknown
225487,Unknown
225743,Unknown
226385,Unknown
226486,Unknown
225029,Unknown
224795,Unknown
224857,Unknown
226187,Unknown
226951,Unknown
226950,Unknown
224321,Unknown
224799,Unknown
224425,Unknown
224304,Unknown
224671,Unknown
224550,Unknown
224733,Unknown
224500,Unknown
224275,Unknown
224322,Unknown
224868,Unknown
224554,Unknown
226115,Unknown
226166,Unknown
226136,Unknown
226170,Unknown
226168,Unknown
226184,Unknown
226155,Unknown
226131,Unknown
226165,Unknown
226137,Unknown
226124,Unknown
226125,Unknown
226133,Unknown
226148,Unknown
226162,Unknown
226157,Unknown
226120,Unknown
226177,Unknown
226176,Unknown
226146,Unknown
226145,Unknown
226156,Unknown
226173,Unknown
226172,Unknown
226163,Unknown
226135,Unknown
226179,Unknown
226144,Unknown
226149,Unknown
226116,Unknown
226113,Unknown
226129,Unknown
226139,Unknown
226153,Unknown
226171,Unknown
226119,Unknown
226167,Unknown
226161,Unknown
226147,Unknown
226183,Unknown
226121,Unknown
224767,Unknown
224725,Unknown
224728,Unknown
224327,Unknown
226151,Unknown
226182,Unknown
226140,Unknown
226117,Unknown
226141,Unknown
226152,Unknown
226132,Unknown
226186,Unknown
226114,Unknown
226169,Unknown
226118,Unknown
226123,Unknown
226185,Unknown
226160,Unknown
226181,Unknown
226142,Unknown
226122,Unknown
226158,Unknown
224552,Unknown
224453,Unknown
224719,Unknown
224299,Unknown
224612,Unknown
224289,Unknown
224670,Unknown
224738,Unknown
224872,Unknown
224713,Unknown
225036,Unknown
224276,Unknown
224323,Unknown
224263,Unknown
224732,Unknown
224311,Unknown
225741,Unknown
224553,Unknown
224267,Unknown
224061,Unknown
226056,Unknown
224167,Unknown
224165,Unknown
224160,Unknown
224164,Unknown
224166,Unknown
224442,Unknown
226788,Unknown
225154,Unknown
224454,Unknown
226949,Unknown
226918,Unknown
226919,Unknown
227515,Unknown
227534,Unknown
227535,Unknown
224273,Unknown
226697,Unknown
225885,Unknown
225884,Unknown
225868,Unknown
225886,Unknown
225883,Unknown
222655,Unknown
224435,Unknown
222612,Unknown
224433,Unknown
222683,Unknown
222658,Unknown
222585,Unknown
222627,Unknown
222592,Unknown
222619,Unknown
222635,Unknown
222638,Unknown
222552,Unknown
222593,Unknown
222653,Unknown
222609,Unknown
222574,Unknown
222606,Unknown
222563,Unknown
222576,Unknown
222587,Unknown
222604,Unknown
223226,Unknown
222557,Unknown
222634,Unknown
224669,Unknown
222578,Unknown
222559,Unknown
222595,Unknown
222569,Unknown
222674,Unknown
222549,Unknown
222665,Unknown
222620,Unknown
222602,Unknown
222611,Unknown
222580,Unknown
222594,Unknown
222586,Unknown
222583,Unknown
222636,Unknown
222584,Unknown
222618,Unknown
222591,Unknown
222562,Unknown
222551,Unknown
222566,Unknown
222623,Unknown
222590,Unknown
222589,Unknown
222663,Unknown
222558,Unknown
222555,Unknown
222691,Unknown
222603,Unknown
222673,Unknown
222573,Unknown
222572,Unknown
222644,Unknown
222553,Unknown
222582,Unknown
222577,Unknown
222626,Unknown
222654,Unknown
222605,Unknown
222643,Unknown
222621,Unknown
225348,Unknown
222596,Unknown
222579,Unknown
222550,Unknown
222588,Unknown
222637,Unknown
222682,Unknown
222630,Unknown
222560,Unknown
222564,Unknown
224434,Unknown
223191,Unknown
222581,Unknown
222607,Unknown
222681,Unknown
222657,Unknown
224438,Unknown
222615,Unknown
222629,Unknown
222690,Unknown
222646,Unknown
222622,Unknown
225428,Unknown
225291,Unknown
225890,Unknown
222570,Unknown
223192,Unknown
222628,Unknown
224269,Unknown
224288,Unknown
224310,Unknown
226380,Unknown
224266,Unknown
224059,Unknown
224745,Unknown
225033,Unknown
226381,Unknown
225555,Unknown
224317,Unknown
226394,Unknown
224808,Unknown
227536,Unknown
227532,Unknown
227537,Unknown
227521,Unknown
219172,Unknown
224576,Unknown
225347,Unknown
218962,Unknown
221709,Unknown
224301,Unknown
224731,Unknown
224722,Unknown
222741,Unknown
220363,Unknown
224895,Unknown
220283,Unknown
220183,Unknown
219270,Unknown
225731,Unknown
224579,Unknown
224555,Unknown
225610,Unknown
224792,Unknown
225611,Unknown
224866,Unknown
220318,Unknown
218284,Unknown
218903,Unknown
226107,Unknown
220423,Unknown
227533,Unknown
225288,Unknown
219268,Unknown
224715,Unknown
225295,Unknown
216276,Unknown
224495,Unknown
218259,Unknown
218232,Unknown
218010,Unknown
220337,Unknown
216753,Unknown
215856,Unknown
218606,Unknown
224714,Unknown
224496,Unknown
217613,Unknown
218182,Unknown
220598,Unknown
220364,Unknown
224716,Unknown
224577,Unknown
220184,Unknown
224717,Unknown
224494,Unknown
220383,Unknown
225494,Unknown
220529,Unknown
219183,Unknown
219201,Unknown
224441,Unknown
224718,Unknown
219530,Unknown
217295,Unknown
224497,Unknown
224499,Unknown
224291,Unknown
220365,Unknown
217614,Unknown
216899,Unknown
220348,Unknown
226389,Unknown
218233,Unknown
216350,Unknown
215551,Unknown
226406,Unknown
225284,Unknown
216898,Unknown
225009,Unknown
218581,Unknown
217808,Unknown
216270,Unknown
219271,Unknown
214432,Unknown
217041,Unknown
215878,Unknown
224574,Unknown
217134,Unknown
214374,Unknown
214202,Unknown
224804,Unknown
219200,Unknown
211616,Unknown
216203,Unknown
218074,Unknown
218231,Unknown
224294,Unknown
215886,Unknown
215848,Unknown
215889,Unknown
223016,Unknown
215887,Unknown
224578,Unknown
218181,Unknown
214146,Unknown
211196,Unknown
224823,Unknown
225949,Unknown
225847,Unknown
225889,Unknown
225851,Unknown
225849,Unknown
225852,Unknown
225856,Unknown
225854,Unknown
225848,Unknown
225857,Unknown
225131,Unknown
225858,Unknown
225855,Unknown
225130,Unknown
225853,Unknown
214433,Unknown
214375,Unknown
220387,Unknown
219308,Unknown
224729,Unknown
212065,Unknown
210665,Unknown
214203,Unknown
210268,Unknown
210224,Unknown
210278,Unknown
208840,Unknown
210194,Unknown
224063,Unknown
209946,Unknown
209948,Unknown
211194,Unknown
225138,Unknown
210422,Unknown
224446,Unknown
209326,Unknown
210199,Unknown
212070,Unknown
210207,Unknown
224261,Unknown
210269,Unknown
210177,Unknown
209947,Unknown
224309,Unknown
222904,Unknown
218241,Unknown
209424,Unknown
218240,Unknown
210025,Unknown
224298,Unknown
218239,Unknown
218158,Unknown
210945,Unknown
210173,Unknown
210137,Unknown
220362,Unknown
214201,Unknown
212058,Unknown
210174,Unknown
218009,Unknown
212059,Unknown
213879,Unknown
214447,Unknown
219272,Unknown
226393,Unknown
208971,Unknown
225805,Unknown
226104,Unknown
215069,Unknown
225609,Unknown
210175,Unknown
225869,Unknown
226390,Unknown
224833,Unknown
219309,Unknown
218230,Unknown
219199,Unknown
225735,Unknown
225736,Unknown
227099,Unknown
210628,Unknown
225732,Unknown
225283,Unknown
210944,Unknown
225624,Unknown
210182,Unknown
226392,Unknown
218242,Unknown
210172,Unknown
197576,Unknown
210798,Unknown
218605,Unknown
210219,Unknown
213589,Unknown
198904,Unknown
210216,Unknown
212821,Unknown
212823,Unknown
213181,Unknown
212824,Unknown
210217,Unknown
210545,Unknown
197577,Unknown
207864,Unknown
210212,Unknown
224285,Unknown
210427,Unknown
210193,Unknown
210218,Unknown
217071,Unknown
218229,Unknown
210267,Unknown
210215,Unknown
220467,Unknown
224255,Unknown
210176,Unknown
198916,Unknown
208767,Unknown
210213,Unknown
198903,Unknown
210276,Unknown
212825,Unknown
217070,Unknown
220466,Unknown
225657,Unknown
25247,Silk
4942,Ivory
15010,Porcelain
7111,Ivory
15014,Porcelain
143675,Oil
15012,Porcelain
220492,Ivory
139465,Ivory
19935,Ink
73995,Ivory
22746,Silver
20000,Ink
138054,Ink
227552,Paper
198854,
60915,Wood
189775,Silver
48,Ivory
15033,Porcelain
14447,Ivory
119371,Paper
199136,Silver
32740,Watercolor
188274,Ink
147872,Ivory
75330,Wood
121044,Silver
65,Paper
139460,Ivory
139562,Ivory
48846,Gouache
266210,Porcelain
101573,Silver
109169,Ink
194369,Silver
194370,Silver
147873,Ivory
101574,Silver
135,Porcelain
111962,Ink
184562,Wood
15030,Porcelain
134,
19970,Ink
80494,Oil
38985,Paper
139470,Ivory
7934,Porcelain
191156,Wood
29530,Ivory
53832,Wood
109200,Ink
139462,Ivory
148877,Cotton
18438,Glass
101571,Silver
80112,Ink
86380,Limestone
233330,Paper
2583,Porcelain
137970,Ivory
29408,Ivory
132651,Ink
3446,Ivory
43060,Porcelain
18467,Porcelain
137976,Ivory
185963,Bronze
2728,Porcelain
46808,Silk
12270,Porcelain
12054,Earthenware
35376,Earthenware
32532,Earthenware
2511,Porcelain
4453,Limestone
109184,Ink
50502,Cotton
22042,Wood
29149,Stone
18568,Porcelain
21284,Porcelain
14460,Crystal
2344,Porcelain
190614,Ink
60912,Wood
70115,Jade
200412,Paper
15906,Silk
5006,Porcelain
15722,Copper
182878,Wood
14474,Wood
8056,Ivory
12552,Porcelain
8636,Ivory
18522,Porcelain
233322,
233328,
12476,Stoneware
12086,Bronze
27925,Bronze
21653,Stoneware
23497,Bronze
4450,Limestone
70003,Stoneware
32631,Bronze
12380,Stoneware
212904,Paper
21296,Porcelain
7931,Porcelain
48991,Earthenware
10522,Bronze
12123,Earthenware
147008,Earthenware
35367,Earthenware
12229,Earthenware
12763,Porcelain
31955,Bronze
22200,Stoneware
82071,Ivory
12284,Stoneware
12198,Earthenware
150533,Silver
15742,Copper
2532,Copper
88724,
20392,Stoneware
15910,Silk
147007,Earthenware
9734,Porcelain
233326,
199164,Silver
12491,Porcelain
73236,Earthenware
11098,Ivory
26647,Bronze
7967,Porcelain
108586,Jade
9613,Marble
55906,Bronze
12242,Earthenware
12474,Porcelain
36417,
64461,Earthenware
12485,Porcelain
7903,Porcelain
21517,Stoneware
12221,Earthenware
58159,Bronze
10489,Cotton
64435,Bronze
280345,
14644,Porcelain
32945,Stoneware
178888,Cotton
7889,Porcelain
149681,Silk
186784,Wood
151925,Silver
22732,Ivory
27741,Paper
22574,Porcelain
12986,
21366,Porcelain
8050,Ivory
15988,Ivory
12247,Earthenware
12483,Stoneware
181704,Cotton
15586,Porcelain
105944,Stoneware
21280,Porcelain
21644,Stoneware
12945,
63513,Paper
21289,Porcelain
12183,Stoneware
90303,Porcelain
65914,Wood
21375,Porcelain
21363,Porcelain
11140,Ivory
21531,Stoneware
12099,Earthenware
21238,Porcelain
12634,Bronze
21721,Stoneware
41910,Porcelain
21187,Porcelain
21313,Porcelain
18014,Nephrite
18582,Porcelain
47168,Ivory
7925,Porcelain
33997,Limestone
79895,Ivory
3330,Bronze
36418,
142531,Limestone
12119,Earthenware
21241,Porcelain
53517,Stoneware
22708,Ivory
73254,Stoneware
111365,Paper
42879,Porcelain
21282,Porcelain
12059,Bronze
2517,Porcelain
35381,Earthenware
83812,Ivory
60877,Silver
18473,Porcelain
49603,Earthenware
8093,Ivory
7521,Bronze
26882,Jade
22725,Ivory
74965,Ivory
59461,Earthenware
23502,Bronze
73201,Bronze
99658,Copper
22210,Earthenware
109689,Ivory
5918,Bronze
28487,Copper
14811,Bronze
183894,Bronze
22744,Ivory
12981,Wood
70117,Jade
32492,Wood
42271,Earthenware
12636,Bronze
89452,Bronze
12622,Porcelain
42786,Porcelain
53544,Silver
108598,Ivory
12688,Paper
59464,Stoneware
23651,Paper
192727,Bone
65902,Wood
69711,Jade
156446,Paper
12013,Earthenware
28106,Copper
59448,Stoneware
11497,Ivory
79318,Paper
21208,Porcelain
263123,Ink
28158,Bronze
12028,Earthenware
28109,Copper
28125,Bronze
12640,Bronze
24960,Wood
80882,Porcelain
2528,Porcelain
235667,Porcelain
86391,Bronze
10393,Porcelain
14803,Earthenware
21212,Porcelain
21408,Porcelain
22711,Ivory
21511,Stoneware
12214,Earthenware
180744,Earthenware
152849,Iron
21418,Porcelain
21483,Porcelain
3333,Bronze
45464,Stoneware
11690,Limestone
30214,Earthenware
15732,Brass
12407,Porcelain
183277,Ink
142528,Limestone
27507,Bronze
12561,Porcelain
199163,Silver
260343,Porcelain
270889,
270890,
79315,Ivory
21702,Earthenware
12616,Porcelain
14319,Ivory
42541,Porcelain
12145,Earthenware
79309,Ivory
9611,Bronze
2508,Porcelain
75905,Porcelain
11125,Ivory
34078,Bronze
12786,Earthenware
12741,Porcelain
8099,Paper
20561,Paper
35384,Earthenware
7544,Bronze
21745,Stoneware
76279,Ink
68830,Silk
21292,Porcelain
68715,Jade
79322,Ivory
21481,Stoneware
105595,Earthenware
111862,Ivory
192877,Ivory
8076,Paper
109230,Bronze
12497,Porcelain
198345,Bronze
37729,Earthenware
133834,Paper
48321,Paper
16811,Silver
70169,Jade
21341,Stoneware
12731,Porcelain
12735,Stoneware
70207,
14329,Ivory
8037,Gold
21423,Stoneware
7514,Bronze
73796,Ivory
12359,Porcelain
111366,Paper
233329,
70093,Jade
22729,Ivory
70129,Jade
129758,Earthenware
39534,Ivory
73220,Bronze
9059,Paper
34075,Bronze
21514,Stoneware
15563,Linen
107043,Pastel
22718,Ivory
75521,Gold
8087,Ivory
18019,Porcelain
12132,Earthenware
21220,Porcelain
47953,Earthenware
69180,Jade
89655,Jade
23144,Bronze
69810,Jade
12409,Porcelain
51834,Earthenware
91085,Earthenware
22722,Ivory
7896,Porcelain
28112,Copper
21555,Stoneware
69688,Jade
70167,Jade
79313,Ivory
5410,Bronze
12065,Earthenware
51432,Stoneware
69801,Jade
21266,Porcelain
58282,Pastel
86423,Bronze
18013,Bronze
37423,Bronze
15726,Copper
23667,Paper
79311,Ivory
92910,Bronze
93923,Ink
47961,
42566,Porcelain
259167,Bone
22771,Ivory
45939,Ivory
8073,Paper
8081,Ivory
104483,Stoneware
84711,Porcelain
40922,Ivory
45806,Ivory
79505,Ink
70256,Ivory
80916,Earthenware
21325,Porcelain
75916,Porcelain
25226,Earthenware
32538,Bronze
144967,Bronze
21307,Porcelain
21310,Porcelain
86420,Bronze
109236,Ivory
42185,Stoneware
86757,Bronze
37725,Earthenware
21467,Stoneware
22740,Ivory
183455,Silk
51825,Earthenware
18454,Porcelain
21496,Stoneware
68041,Ink
117330,Earthenware
15748,Brass
21701,Stoneware
195396,Stoneware
28163,Earthenware
22113,
51423,Stoneware
55836,Bronze
2716,Porcelain
21712,Earthenware
70763,Jade
68711,Linen
12529,Stoneware
69172,Jade
5003,Porcelain
22737,Ivory
9624,Ivory
12794,Earthenware
18007,Jadeite
34873,Bronze
18235,Glass
71199,Jade
109185,Ink
139488,Ivory
139593,Ivory
137971,Ivory
259168,Bone
259170,Bone
132148,
70392,Jade
142529,Limestone
2525,Porcelain
21295,Porcelain
21772,Stoneware
28444,Bronze
12602,Porcelain
14335,Ivory
26091,Copper
86744,Bronze
53282,Silver
58180,Porcelain
83154,Stoneware
133709,Earthenware
21658,Stoneware
22068,
14276,Silk
16397,Bronze
79470,Ivory
263669,Paper
263943,Silver
69827,Jade
6580,Ivory
14326,Ivory
33964,Copper
25230,Porcelain
21698,Porcelain
89468,Silver
82294,Jade
14331,Ivory
12352,Porcelain
80912,Porcelain
70091,Jade
46261,Earthenware
69959,Jade
80721,Ivory
12588,Porcelain
14314,Ivory
21508,Stoneware
80777,Earthenware
80879,Ivory
21319,Porcelain
12344,Porcelain
84370,Paper
52949,Bronze
21286,Porcelain
92911,Bronze
142530,Limestone
14323,Ivory
12514,Stoneware
75361,Silk
199165,Silver
79336,Ivory
39774,Gold
69770,Jade
42390,Porcelain
12470,Stoneware
86747,Bronze
86599,Bronze
259158,Bone
259169,Bone
259178,Bone
6775,Cotton
14809,Gold
105530,Earthenware
21251,Porcelain
109223,Bronze
22715,Ivory
70095,Jade
110866,Earthenware
12721,Porcelain
12346,Cotton
80904,Porcelain
37716,Earthenware
63392,Paper
21594,Stoneware
193827,Stone
13033,Paper
14852,Bronze
105494,Paper
55821,Bronze
180536,Earthenware
53532,Stoneware
21203,Porcelain
12537,Stoneware
21678,Porcelain
21734,Stoneware
33933,Porcelain
2606,Porcelain
70088,Jade
12241,Paper
87714,Stoneware
200630,Ivory
17996,Jadeite
147031,Porcelain
21346,Porcelain
28128,Copper
221163,Porcelain
11435,Gold
11091,Limestone
22735,Ivory
35364,Earthenware
21413,Porcelain
80898,Stoneware
79332,Ivory
79459,Ivory
111081,Ivory
21499,Stoneware
86415,Bronze
117775,Porcelain
8209,Ink
7788,Porcelain
42187,Stoneware
33098,Jade
12679,Porcelain
21254,Porcelain
70757,Jade
42215,Stoneware
21312,Porcelain
36419,
58053,Porcelain
69683,Jade
69700,Jade
68980,Jade
86754,Bronze
72589,Porcelain
21558,Stoneware
260222,Bone
260223,Bone
259162,Bone
259174,Bone
55926,Pastel
42806,Porcelain
33942,Bronze
15737,Brass
12663,Porcelain
56142,Earthenware
138456,Paper
12069,Earthenware
60878,Porcelain
79347,Paper
81842,Silk
12236,Earthenware
68978,Jade
79249,Paper
12305,Porcelain
11151,Copper
45804,Paper
11999,Paper
41426,Ink
79317,Ivory
21681,Porcelain
73256,Stoneware
80887,Porcelain
69937,Jade
81954,Paper
33936,Bronze
27669,Ivory
182864,Wood
2481,Porcelain
65922,Stoneware
183893,Bronze
21887,Stoneware
22212,Earthenware
182783,Wood
14280,Silk
82164,Ivory
186745,Ivory
54714,Paper
3585,Porcelain
12696,Stoneware
103303,Terracotta
150152,Cotton
7832,Porcelain
89836,Porcelain
105591,Stoneware
79223,Paper
187047,Ink
69605,Jade
69708,Stone
79453,Ivory
79362,Ivory
70164,Jade
68989,Jade
65889,Porcelain
13836,Stoneware
59752,Stone
21180,Porcelain
151599,Silver
69019,Jade
70059,Jade
276595,Silver
47283,Gold
277820,Porcelain
259161,Bone
259163,Bone
259164,Bone
259165,Bone
259166,Bone
259172,Bone
259175,Bone
259176,Bone
259177,Bone
259173,Bone
75310,Earthenware
105937,Earthenware
21521,Porcelain
37722,Earthenware
21549,Stoneware
70045,Jade
70330,Jade
22671,Ivory
21585,Stoneware
21591,Stoneware
8064,Paper
69638,Jade
69744,Jade
117554,Ink
17305,Porcelain
20435,Ivory
73230,Stoneware
75903,Stoneware
186741,Ivory
233321,Wood
36691,Wood
111140,Earthenware
21274,Porcelain
21397,Earthenware
76243,Porcelain
32539,Bronze
21252,Ivory
21692,Porcelain
70205,Jade
68697,Jade
5833,Gold
75946,Stoneware
152839,Porcelain
182989,Wood
186728,Ivory
78836,Paper
139230,Ivory
58156,Bronze
8084,Ivory
106598,Ivory
12748,Porcelain
25999,Porcelain
182862,Wood
48982,Earthenware
31935,Silver
71015,Jade
76275,Ink
73239,Stoneware
68731,Jade
236098,Porcelain
58340,Ink
86750,Bronze
70191,Jade
158104,Stoneware
186735,Ivory
49817,Ivory
42386,Porcelain
69572,Jade
180532,Earthenware
10495,Cotton
111367,Paper
42112,Porcelain
259159,Bone
259160,Bone
279375,Earthenware
21629,Porcelain
9819,Porcelain
12077,Bronze
79492,Paper
21518,Stoneware
33945,Earthenware
86418,Bronze
68868,Jade
120578,Bronze
72791,Silk
36825,Ivory
21632,Stoneware
11094,Limestone
69506,Jade
86491,Bronze
22490,Bronze
7791,Porcelain
12248,Paper
8986,Porcelain
129408,Paper
16393,Bronze
56801,Porcelain
58900,Stoneware
159683,Porcelain
7419,Ivory
83673,Paper
3588,Porcelain
42213,Stoneware
21604,Stoneware
69812,Jade
13455,Ink
86661,Bronze
62536,Gold
45668,Paper
20434,Ivory
21430,Earthenware
23500,Bone
43097,Bronze
69931,Jade
180135,Bronze
182865,Wood
40558,Ink
65904,Wood
153627,Silk
79326,Ivory
117596,Ivory
79507,Ink
75317,Ink
84123,Ink
150406,Silk
42195,Stoneware
53535,Stoneware
69752,Jade
21683,Porcelain
21125,Nephrite
20635,Bronze
193002,
7782,Porcelain
12509,Porcelain
28161,Bronze
12896,Paper
12672,Porcelain
70006,Stoneware
69008,Jade
80239,Ivory
61041,Wood
42440,Porcelain
17459,Porcelain
64836,Porcelain
147469,Silk
2514,Porcelain
68754,Jade
70680,Jade
25640,Porcelain
12317,Ink
11703,Copper
22899,Paper
22865,Porcelain
80914,Porcelain
83677,Paper
49798,Ivory
31202,Porcelain
26953,Porcelain
55213,Bronze
53194,Silver
22075,
131979,Ivory
186751,Ivory
80377,Limestone
35957,Gold
109503,Paper
57654,Earthenware
62583,Glass
36798,Paper
17244,Ivory
28350,Porcelain
180725,Wood
83022,Ivory
230189,Silk
53276,Bronze
69558,Jade
72380,Silk
15579,Earthenware
7843,Porcelain
65892,Porcelain
68898,Jade
193050,Earthenware
160040,Paper
58904,Porcelain
21731,Stoneware
58116,Porcelain
9579,Ivory
12165,Earthenware
68840,Jade
111364,Paper
45433,Ivory
21457,Porcelain
42836,Porcelain
69719,Jade
68941,Jade
69324,Jade
105549,Bronze
193334,Ink
13451,Ink
186779,Ivory
147883,Porcelain
193025,Stoneware
55833,Bronze
10244,Paper
43942,Paper
21806,Stoneware
24113,Silver
60348,Bronze
104305,Ivory
79585,Ivory
147623,Ivory
21648,Stoneware
27659,Porcelain
69574,Jade
7649,Paper
49406,Paper
12543,Stoneware
180200,Porcelain
148422,Cotton
3316,Bronze
189161,Ink
49843,Ivory
21662,Stoneware
53279,Bronze
60339,Bronze
55848,Gold
20349,Paper
79219,Paper
69961,Jade
73244,Stoneware
105529,Stoneware
159686,Stoneware
51502,Ivory
21323,Porcelain
21524,Porcelain
69798,Jade
69343,Jade
70693,Jade
7951,Ivory
79435,Paper
80720,Silk
35955,Ivory
27580,Porcelain
69639,Jade
70229,Jade
69576,Jade
106589,Ivory
109039,Ivory
12608,Porcelain
89465,Bronze
28203,Porcelain
69355,Jade
44101,Ivory
42262,Stoneware
86387,Bronze
186765,Ivory
21205,Porcelain
75920,Stoneware
80215,Ink
22905,Ivory
70018,Jade
68837,Gold
39385,Paper
42411,Stoneware
69980,Jade
88202,Stoneware
45424,Porcelain
70238,Jade
195395,Porcelain
17769,Paper
49616,Paper
79310,Ink
45912,Ivory
149892,Wood
14441,Paper
135794,Wood
69152,Jade
82306,Oil
42460,Porcelain
21616,Stoneware
68700,Jade
69625,Jade
202971,Bronze
11032,Ivory
7816,Porcelain
42417,Porcelain
41882,Porcelain
69312,Jade
70606,Jade
73224,Bronze
195401,Stoneware
121835,Paper
53523,Stoneware
68944,Jade
84100,Ink
79494,Paper
58048,Cotton
22195,Stoneware
68820,Jade
41865,Bronze
21024,Bronze
58283,Stoneware
68831,Jade
182994,Wood
21562,Stoneware
68986,Jade
180724,Wood
89509,Paper
42096,Porcelain
68675,Jade
70663,Jade
117730,Paper
69285,Jade
158222,Ivory
193326,Ink
42242,Stoneware
21754,Porcelain
7811,Porcelain
75930,Earthenware
69853,Jade
68677,Jade
69565,Jade
87653,Gold
7805,Porcelain
193018,Stoneware
79513,Ivory
186739,Ivory
86658,Bronze
21650,Stoneware
65909,Wood
65911,Wood
69331,Jade
276594,Silver
241446,Silver
27466,Paper
96627,Silk
68695,Jade
193049,Stoneware
126179,Ivory
28594,Paper
46423,Ink
107912,Jade
130660,Earthenware
49919,Ivory
106616,Ivory
39380,Paper
69970,Jade
24098,Bronze
44196,Paper
21431,Earthenware
8402,Brass
79406,Ivory
42555,Porcelain
183393,Cotton
202975,Bronze
60945,Gold
49153,Ivory
,Unknown
911874,Ink
61658,Wood
448663,Stone
764091,Gold
551786,Ink
729644,
472562,Silver
900001,Glass
503651,Ivory
42188,Nephrite
207247,Porcelain
78191,Brass
329077,Copper
42733,Bronze
53660,Ink
310453,Copper
437422,Oil
764095,Gold
206965,Bronze
317877,Brass
459027,Wood
459028,Wood
544320,Limestone
53162,Wood
200668,Marble
544740,Limestone
39901,Ink
53176,Gold
435848,Wood
42515,Porcelain
205883,Stoneware
816189,Ink
776714,Ink
824771,
436102,Wood
707476,Porcelain
53190,Gold
192770,Marble
53222,Ink
438821,Oil
203842,
437261,Wood
460281,Silver
194191,Copper
38006,Gold
452102,Ceramic
49068,Silk
207157,Porcelain
237451,Porcelain
137808,Wood
136877,Ceramic
135914,Albumen
135810,Ceramic
135666,Cotton
135622,Silver
135613,Silver
135354,
135206,Cotton
134589,
134458,Acrylic
134443,Oil
134229,Ceramic
60812,Cardboard
57306,Bronze
56238,Oil
55803,
52959,Bronze
51102,Silver
40352,
38924,Silver
37489,Silver
37279,Limestone
33643,
33564,Oil
33539,Bronze
32473,Shell
32221,Ceramic
29551,Stone
23744,Stone
22247,Oil
14878,Pastel
14756,Paper
10056,
8898,
137492,Gouache
137483,Gouache
137477,Gouache
137427,
137169,Brass
137157,
137156,Silver
137152,Silver
136896,Cotton
135904,Gold
135887,Oil
135811,Ceramic
135798,Ceramic
135691,Ceramic
135671,
135610,Silver
135609,Silver
135550,Watercolor
135379,Ink
135367,Watercolor
134595,Oil
134170,Ink
133910,Ceramic
102729,Cotton
73907,Cotton
60769,Linen
58857,
57758,
57716,
55813,Acrylic
54926,Ceramic
54821,Silver
47645,Chromogenic
47566,Ceramic
46033,Ceramic
45401,Oil
45237,Oil
40020,Chromogenic
37441,Ceramic
33230,Ceramic
32983,Oil
32872,Wood
32381,Oil
32255,Ink
31852,Oil
31464,Bronze
29713,Bronze
23888,Clay
15336,Wood
8161,Ink
137698,
137260,Silk
137162,Silver
137149,Wood
136885,Silver
136880,Granite
135975,Ceramic
135872,Glass
135796,Ceramic
135759,Watercolor
135674,Silver
135664,Acrylic
135660,Silver
135632,Silver
135201,Silver
134740,
134439,Wood
58878,Linen
58869,Silver
58068,Chromogenic
57720,Wood
44648,Oil
42352,Oil
39108,Ink
32890,Earthenware
31803,Bronze
31420,Wood
29134,Brass
22494,Ceramic
20821,Wood
19912,
17473,
13871,
9790,Watercolor
9449,Pastel
137406,Wood
137291,Ink
137264,Iron
136912,
135921,Watercolor
135888,Silver
135683,Copper
135589,
135554,
135549,Paper
135185,
134737,Stone
134554,Pastel
134191,
134165,Oil
134164,Oil
129689,Silver
61090,Cotton
61041,Acrylic
60584,Ink
56302,
39164,Ceramic
35195,Clay
33737,Ink
32861,Watercolor
32398,Oil
32269,Stone
31482,
29435,Gold
21079,Limestone
18597,Silver
18583,Tempera
16210,Gouache
12950,Wood
9231,
8894,Wood
137460,Stone
137407,Brass
137348,Cotton
137249,Ink
136905,Oil
136900,Linen
136891,Stoneware
136792,Oil
135889,Silver
135817,Ceramic
135814,Ceramic
135728,Silver
135696,Ceramic
135643,Acrylic
135637,Oil
135624,Chromogenic
135618,Silver
135587,Silver
135521,Paper
135244,Silver
134682,Wood
134355,
133913,Glass
60811,Cardboard
58888,
58884,
58858,
57754,
55939,
55163,Watercolor
51098,Wood
45518,Oil
42370,Marble
37626,Oil
36886,Gold
32898,Oil
32714,Ceramic
32245,Oil
31653,Ink
30620,Oil
28330,Oil
22540,Ceramic
16650,Silver
8146,Bronze
6858,
137284,Ink
52886,Silver
135715,Watercolor
137282,Ink
135653,Oil
135640,
137297,Ink
136920,Wood
135642,
137290,Ink
135639,
137410,Ink
137365,
137344,
135964,
135815,Ceramic
135561,Ceramic
135290,Acrylic
45692,Oil
23368,Ceramic
137366,
135869,
135559,Ink
135313,
135306,
135231,Marble
37985,Wood
25246,Paper
13563,Paper
137677,
135308,
135289,
137428,
137287,Ink
135520,Wood
135312,
135303,Wood
134167,Copper
24961,Wood
135311,
137435,Wood
137275,Ink
137296,Ink
145721,
145719,Watercolor
145718,Pastel
145716,Pastel
145714,Pastel
145710,Watercolor
145703,Watercolor
145675,Oil
145612,
145378,
145376,Watercolor
145346,
145309,Terracotta
145273,Watercolor
145270,Watercolor
145269,Watercolor
145266,Watercolor
145221,
145220,Gold
145215,
145214,
145211,
145210,
145207,
145206,
145180,Ink
145178,Ink
145174,Ink
145169,Porcelain
145166,
145163,
145160,
145158,
145157,
145153,
145148,
145137,
145136,
145133,
145070,Albumen
145052,Chromogenic
145032,Pastel
145030,
145020,Silver
145016,Ink
144953,Silver
144944,
144937,
144931,
144927,
144926,
144918,
144891,Oil
144890,Oil
144885,Oil
144884,Oil
144882,Oil
144878,Oil
144874,Oil
144849,Marble
144818,
144811,Silver
144801,Watercolor
144797,Watercolor
144796,Watercolor
144794,Watercolor
144785,
144783,
144743,Ceramic
144736,Ink
144722,Stoneware
144721,Stoneware
144720,Stoneware
144718,Earthenware
144717,Earthenware
144714,Earthenware
144551,
144371,Watercolor
144369,Paper
144364,Ink
144362,Ink
144289,
144288,Silver
144254,Copper
144251,
144249,
144247,
144216,Silver
144215,Silver
144015,Silver
143999,Silver
143923,Silver
143921,Silver
143916,Silver
143911,Silver
143909,Silver
143904,Silver
143892,Silver
143816,Silver
143810,Silver
143709,Silver
143707,Silver
143696,Silver
143695,Silver
143686,Silver
143676,Silver
143672,Silver
143433,Chromogenic
143429,Chromogenic
143427,Chromogenic
143423,Gouache
143422,Oil
142946,
142942,
142940,
142928,Silver
142926,Silver
142922,Albumen
142918,Silver
142914,Silver
142911,Chromogenic
142906,Silver
142905,Silver
142890,Oil
142843,Paper
142835,Tempera
142832,Oil
142805,Ceramic
142789,Ceramic
142772,Linen
142765,Silk
142759,Silk
142755,Silk
142754,Silk
142751,Silk
142677,Cotton
142673,Stoneware
142568,Oil
142514,Chromogenic
142513,Chromogenic
142510,Chromogenic
142506,Wood
142497,Silver
142492,Silver
142482,Stoneware
142481,
142477,Albumen
142436,Glass
142421,Watercolor
142408,Cotton
142269,Watercolor
142268,Watercolor
142265,Watercolor
142264,Ink
142234,Albumen
142150,Stoneware
142148,Cotton
142144,Cotton
142112,Ink
142110,Ink
142081,Ink
142075,Ink
142069,Ink
142066,Ink
142051,Silver
142037,
142033,Silver
142032,Silver
142031,Silver
142005,Ceramic
142002,Ceramic
142001,Ceramic
142000,Ceramic
141989,Ceramic
141960,Ceramic
141956,Ink
141948,Ink
141933,Ink
141930,Ink
141929,Ink
141928,Ink
141922,Ink
141919,Ink
141918,Ink
141915,Ceramic
141913,Ink
141912,Silver
141861,Ink
141857,Albumen
141855,Albumen
141854,Albumen
141853,Albumen
141850,Chromogenic
141843,Silver
141835,Silver
141833,Silver
141831,Silver
141821,Silver
141810,Silver
141809,Silver
141807,Silver
141806,Silver
141804,Silver
141803,Silver
141792,
141785,Silver
141747,Silk
141742,Watercolor
141741,Ink
141738,Ink
141732,Ink
141729,Ink
141725,Ink
141716,Ink
141715,Ink
141713,Ink
141709,Ink
141688,Ink
141686,Ink
141684,Ink
141653,
141652,Watercolor
141594,Ink
141586,Bronze
141517,Cotton
141514,Jadeite
141512,Ceramic
141510,Ceramic
141189,Brass
141165,Ivory
141163,Wood
141159,Chromogenic
141137,Silver
141136,Silver
141123,Wood
141114,Oil
141108,Silver
141103,Chromogenic
141099,Chromogenic
141087,Porcelain
141075,Chromogenic
141072,
141061,Oil
141048,Ceramic
141042,Silver
141040,Silver
141033,Silver
141032,Silver
141030,Silver
141012,
141010,Silver
141007,Silver
141006,Wood
140974,Ceramic
140964,Wool
140959,Wool
140943,Glass
140942,Glass
140941,Bronze
140940,Glass
140931,Glass
140926,Glass
140887,Gold
140867,Watercolor
140862,Bronze
140849,
140841,
140835,
140818,
140817,
140815,
140814,
140807,
140804,
140803,
140795,
140789,
140788,
140784,
140781,
140770,
140765,
140763,
140749,
140748,
140745,
140731,Wood
140727,Wood
140723,Wood
140714,
140711,
140709,
140708,
140706,
140705,
140704,
140703,
140698,Ceramic
140695,Ceramic
140633,Silver
140623,
140621,
140620,
140619,
140571,Silver
140570,Albumen
140501,Clay
140466,Ceramic
140452,Ceramic
140451,Ceramic
140440,Ceramic
140428,Silver
140427,
140383,Silver
140380,
140314,Watercolor
140313,Stoneware
140307,Wood
140296,
140278,Stone
140263,Ink
140249,Silver
140219,Silver
140216,Brass
140214,Porcelain
140209,Ceramic
140133,
140132,
140107,Cotton
140077,Oil
138664,Silver
138646,
138645,
138613,Silver
138592,
138591,Wood
138585,Silver
138582,Silver
138543,Silver
138542,Silver
138525,Ink
138493,Linen
138429,Ink
138420,Wood
138414,Ceramic
138411,Ceramic
138407,Ceramic
138405,Ceramic
138403,Ceramic
138393,Ceramic
138389,Ceramic
138388,Ceramic
138383,Ceramic
138371,
138361,Acrylic
138358,Porcelain
138351,Ink
138315,Silver
138309,Glass
138308,
138251,Cotton
138247,Copper
138235,
138214,
138208,Cotton
138202,
138188,
138183,Wood
138154,
138150,Stone
138122,Porcelain
137873,Ink
137868,Silver
137867,Silver
137862,Ink
137851,Tempera
137843,Wood
137822,Silver
137820,Chromogenic
137812,Silver
137810,Silver
137803,Ink
137802,Ink
137801,Ink
137791,Silver
137778,Silver
137776,Ink
137745,Paper
137736,
137726,Ink
137725,Ink
137722,Oil
137710,Watercolor
137702,
137700,Silver
137694,Ceramic
137691,Textile
137687,Stone
137673,Gouache
137671,Gouache
137659,Gouache
137648,Gouache
137645,Gouache
137640,Gouache
137639,Gouache
137626,Gouache
137624,Gouache
137607,Gouache
137605,Gouache
137599,Gouache
137595,Gouache
137593,Gouache
137592,Gouache
137589,Gouache
137587,Gouache
137584,Gouache
137581,Gouache
137576,Gouache
137575,Gouache
137572,Gouache
137571,Gouache
137562,Gouache
137561,Gouache
137559,Gouache
137551,Gouache
137545,Gouache
137543,Gouache
137529,Gouache
137524,Gouache
137523,Gouache
137515,Gouache
137506,Gouache
137491,Gouache
137482,Gouache
137480,Gouache
137475,Ceramic
137474,Ceramic
137469,Ceramic
137462,Ceramic
137455,Ceramic
137351,Acrylic
137349,Cotton
137193,Silver
136907,Stone
136904,Ink
136882,Paper
135970,Silk
135963,Stoneware
135917,Silver
135897,
135870,Silver
135838,Oil
135828,Oil
135812,Ceramic
135805,Ceramic
135803,Ceramic
135795,Ceramic
135784,Earthenware
135778,
135771,Ink
135765,Ink
135764,Watercolor
135758,Watercolor
135753,Watercolor
135752,Watercolor
135751,Watercolor
135745,
135727,Silver
135726,Silver
135709,Ceramic
135690,Ceramic
135677,Silver
135655,
135626,Silver
135625,Silver
135611,Silver
135591,Wood
135585,Silk
135567,Silver
135519,Oil
135517,Unknown
135515,Unknown
135512,Unknown
135508,Unknown
135503,Unknown
135499,Unknown
135497,Unknown
135496,Unknown
135492,Unknown
135484,Unknown
135482,Unknown
135477,Unknown
135476,Unknown
135471,Unknown
135469,Unknown
135468,Unknown
135466,Unknown
135465,Unknown
135464,Unknown
135463,Unknown
135459,Unknown
135458,Unknown
135455,Unknown
135447,Unknown
135444,Unknown
135439,Unknown
135437,Unknown
135426,Unknown
135422,Cotton
135401,Ink
135395,Ink
135390,Ink
135388,Ink
135380,Ink
135378,Ink
135377,Ink
135362,Ink
135359,Silver
135336,Albumen
135280,Watercolor
135274,
135271,Ink
135265,Oil
135261,
135229,Silver
135225,Silver
135216,Silver
135211,Paper
135210,
135208,
135197,Tempera
135164,Cotton
135118,Silver
135114,Silver
134926,Terracotta
134922,Terracotta
134742,Ceramic
134731,Stone
134709,Bamboo
134702,Ceramic
134650,Oil
134641,Oil
134640,Oil
134639,Oil
134638,Oil
134614,Oil
134609,Oil
134591,
134588,Wool
134570,Chromogenic
134569,Chromogenic
134568,Chromogenic
134564,Albumen
134561,Albumen
134551,
134538,
134537,Gold
134502,Silver
134501,Silver
134497,Silver
134495,Silver
134482,Silver
134481,Silver
134475,Watercolor
134473,
134468,
134467,Gold
134464,Silver
134444,Watercolor
134441,Silver
134435,Silver
134400,
134398,
134393,Glass
134390,Glass
134322,Linen
134321,Ink
134187,Oil
134181,
134176,
134175,
134163,Oil
134148,Watercolor
134138,
134108,
134089,
134084,Wood
134078,Ink
134071,Ink
134067,Wood
134049,Ink
134048,Wood
134043,Ink
134041,Ink
134040,Ink
134036,Ink
134034,Ink
134004,Silver
134000,Silver
133999,Silver
133997,
133986,
133969,Ink
133968,Ink
133967,Ink
133960,Ink
133947,
133943,Ceramic
133937,Ceramic
133936,Ceramic
133930,Gold
133928,Ink
133919,Ink
133916,
133911,Ceramic
133906,
133905,Oil
133904,Oil
133898,Ink
133887,Iron
133372,Textile
133369,Ceramic
133365,Ink
133246,Silver
133230,Acrylic
133226,
132803,Silver
132802,Silver
132800,Silver
132361,Glass
131983,
131980,Silver
131632,Oil
131438,Wood
130334,
130324,Silver
130322,Ink
130314,Silver
130312,Silver
130306,Silver
130278,Silver
130146,Chromogenic
129905,
129894,Silver
129893,Silver
129892,Silver
129891,Silver
129886,Silver
129881,Silver
129880,Silver
129875,Silver
129866,Silver
129854,Silver
129852,Silver
129816,
129808,
129802,
129801,
129742,Chromogenic
129739,Albumen
129728,Albumen
129699,Silver
129693,Silver
129679,Silver
129621,Silver
129618,Silver
129611,Silver
129608,Silver
129602,
129601,
129598,
129581,
129563,Silver
129558,Wood
129555,Silk
129549,Silk
129533,Ink
129529,Ink
129522,Ink
129521,Ink
129509,Silver
129503,Wood
129429,
129376,
129335,
129319,
129316,
129258,
128827,Ceramic
128825,Ceramic
128821,Ceramic
128806,
128802,Paper
128798,Paper
128789,
128788,
128735,Ink
128733,Ink
128728,Ink
128723,Ink
128720,Ink
128703,Silver
128701,Silver
128698,Silver
128696,Silver
128695,Silver
128686,Silver
128671,Silver
128669,Silver
128666,Silver
128660,Chromogenic
128659,Silver
128658,Silver
128655,Silver
128654,Silver
128651,Silver
128647,Silver
128593,Ink
128588,Bronze
128571,Ink
128567,Silver
128553,Silver
128543,Silver
128497,
128456,Silver
128414,Unknown
128407,Silver
128405,Silver
128403,
128396,
128394,
128393,Wood
128364,
128358,
128339,Wood
128338,Ink
128330,Wood
128324,Wood
128314,Ink
128303,Marble
128101,Ink
128096,Ink
128094,Ink
128092,Wood
128085,Wood
128083,Wood
128082,Ink
128081,Wood
128079,Wood
128074,Ink
128046,Wood
127843,Ink
127840,Wood
127836,Ink
127834,Wood
127832,Wood
127830,Ink
127810,Ink
127575,Watercolor
127574,Watercolor
127571,
127022,Albumen
127018,Albumen
127009,Albumen
127006,Albumen
127005,Albumen
126999,Albumen
126986,Albumen
126788,Ink
126787,Ink
126780,Chromogenic
126772,Chromogenic
126770,
126684,Wood
126681,Wood
126676,Wood
126670,Wood
126622,Paper
126617,Pastel
126615,Ceramic
126613,Oil
126074,Jade
126063,Jade
126062,Jade
126061,Jade
126053,Jade
126049,Jade
126047,Jade
126046,Jade
126040,Jade
126033,Jade
126030,Jade
126027,Jade
126023,Jade
126015,Jade
126011,Jade
126003,Jade
125997,Jade
125994,Jade
125985,Jade
125983,Jade
125976,Jade
125971,Jade
125970,Jade
125961,Jade
125959,Jade
125958,Stone
125957,Stone
125956,Jade
125954,Jade
125948,Jade
125945,Jade
125942,Jade
125936,Jade
125935,Jade
125928,Jade
125921,Jade
125920,Jade
125917,Jade
125913,Jade
125912,Jade
125911,Jade
125909,Jade
125896,Jade
125886,Jade
125881,Jade
125879,Jade
125844,Jade
125839,Jade
125838,Jade
125831,Jade
125826,Jade
125823,Stone
125822,Jade
125815,Jade
125809,Jade
125806,Jade
125776,Ink
125773,
125772,
125639,Albumen
125632,Albumen
125628,Albumen
125624,Albumen
125621,Albumen
125614,Albumen
125610,Albumen
125608,Albumen
125607,Albumen
125606,Albumen
125605,Albumen
125604,Albumen
125536,Ink
125510,Wood
125478,Acrylic
125473,Wood
125468,
125464,Paper
125460,Oil
125445,Gold
125405,
125398,
125395,
125381,
125379,
125378,
125371,
125366,
125364,
125356,Marble
125354,Ink
125349,Ink
124604,Wood
124592,Wood
124585,Ink
124582,Gold
124088,Ink
124086,Ink
124085,Ink
124080,Ink
123910,Ink
123897,Oil
123895,Silver
123890,Silver
123889,Silver
123884,Silver
123743,
123735,Ink
123506,Stoneware
122917,Ceramic
122915,Glass
122621,Ink
122368,
122367,
121825,Ceramic
121521,Silver
121519,Silver
121497,Silver
121496,Silver
121456,Silver
120887,Silver
120852,
120851,
120849,
120847,
118649,Silver
118645,Silver
118620,Silver
118617,Silver
118589,Silver
118588,Silver
118587,Silver
118582,Silver
118578,Silver
118577,Silver
118534,Silver
118498,Silver
118494,Silver
118489,Silver
118488,Silver
118485,Silver
118484,Silver
118482,Silver
118477,Silver
118465,Silver
117611,Unknown
117610,Unknown
117607,Unknown
117554,
117545,
117343,Silver
117339,Silver
117336,Silver
117323,Silver
117322,Silver
117319,Silver
117318,Silver
117310,Silver
117309,Silver
117298,Silver
117293,Silver
117289,Silver
117282,Silver
117281,Silver
117264,Silver
117260,Silver
116776,
116462,Ink
116461,Ink
116362,
115984,Silk
115918,Clay
115907,Clay
115721,
115717,
115714,
115642,Cotton
115163,Glass
115058,Ceramic
115053,
115050,
115039,
113495,Silver
113321,Silver
113319,Silver
113317,Silver
113316,Silver
113314,Silver
112660,Silver
112651,Silver
112646,Silver
112644,Silver
112639,Silver
112631,Unknown
112630,Bronze
112617,Unknown
112596,Unknown
112593,Unknown
112568,Unknown
112563,Unknown
112560,Unknown
112558,Unknown
112553,Unknown
112552,Unknown
112545,Unknown
112543,Unknown
112540,Unknown
112539,Unknown
112448,Silver
112445,Silver
112443,Silver
112440,Silver
112438,Silver
111783,Oil
111118,Acrylic
111099,Silver
110990,Silver
110989,Silver
110979,Silver
110970,Silver
110968,Silver
110966,Silver
110963,Silver
110962,Silver
110959,Silver
110958,Silver
110956,Silver
110951,Silver
110947,Silver
110943,Silver
110939,Silver
110938,Silver
110935,Silver
110927,Silver
110915,Silver
110911,Silver
110908,Silver
110903,Silver
110902,Silver
110893,Silver
110889,Silver
110888,Silver
110883,Silver
110876,Silver
110873,Silver
110872,Silver
110870,Silver
110865,Oil
110864,Silver
110863,Silver
110861,Silver
110857,Silver
110855,Silver
110854,Silver
110850,Silver
110841,Silver
110839,Silver
110838,Silver
110836,Silver
110834,Silver
110818,Silver
110816,Silver
110812,Silver
110798,Silver
110796,Silver
110795,Silver
110790,Silver
110762,Silver
110758,Silver
110756,Silver
110753,Silver
110749,Silver
110748,Silver
110745,Silver
110740,Silver
110730,Silver
110724,Silver
110720,Silver
110714,Silver
110712,Silver
110711,Silver
110706,Silver
110695,Silver
110693,Silver
110690,Silver
110689,Silver
110685,Silver
110684,Silver
110676,Silver
110675,Silver
110670,Silver
110658,Silver
110653,Silver
110650,Silver
110639,Silver
110616,Silver
110608,Silver
110607,Silver
110605,Silver
110598,Silver
110596,Silver
110592,Silver
110588,Silver
110586,Silver
110585,Silver
110583,Silver
110582,Silver
110581,Silver
110579,Silver
110578,Silver
110573,Silver
110569,Silver
110568,Silver
110566,Silver
110565,Silver
110563,Silver
110559,Silver
110548,Silver
110540,Silver
110538,Silver
110535,Silver
110534,Silver
110529,Silver
110526,Silver
110524,Silver
110522,Silver
110519,Silver
110514,Silver
110507,Silver
110504,Silver
110210,Silver
109051,Cotton
109043,Ceramic
108818,Marble
108757,
108755,
108754,
108751,
108750,
108748,
108747,
108703,Ceramic
108699,Unknown
108698,
108695,
108685,
108674,
108662,
108659,
108657,
108655,
108652,
108649,
108645,
108641,
108640,
108634,
108626,
108625,
108623,
108615,
108205,Silver
107993,Wood
107953,Chromogenic
107950,Chromogenic
107947,Unknown
107933,Wood
107914,Unknown
107896,Unknown
107892,Unknown
107831,Unknown
107798,Albumen
107797,
107788,Unknown
107787,Unknown
107778,Unknown
107772,Unknown
107762,
107742,Silver
107740,Silver
107739,Silver
107736,Silver
107735,Silver
107734,Silver
107731,Silver
107686,Ink
107478,Wood
107477,Wood
107472,Wood
107470,Wood
107468,Unknown
107467,
107466,Ceramic
106338,Oil
106337,Ink
103940,Ceramic
103937,Ceramic
103936,Ceramic
103899,Paper
103886,Ivory
103878,Ink
103520,
103515,
103513,
103512,
103451,Ink
103118,Ceramic
103076,
103063,
103062,
103058,
103052,
103049,
103045,
102977,
102964,
102959,
102712,Ink
102684,Unknown
102681,
102671,Unknown
102665,Unknown
102661,Unknown
102657,Unknown
102656,Unknown
102611,Silver
102599,Silver
102598,Silver
102597,
102594,Silver
102592,
102589,
102584,Silver
102583,
102582,Silver
102432,Unknown
102418,Unknown
102416,Unknown
102415,Unknown
102411,Unknown
102407,Unknown
102405,Unknown
102375,Unknown
102374,Unknown
102371,Unknown
102368,Unknown
102367,Unknown
102360,Unknown
102358,Unknown
101337,Silk
101130,Gouache
101126,Watercolor
101113,Wood
98865,Ink
97031,Wood
94926,
94060,Ink
94047,
94042,
94038,
94032,Ink
93985,Unknown
93898,Silver
93723,Unknown
93636,Silver
93634,Silver
93437,Unknown
93433,Unknown
93413,Unknown
93411,Unknown
93408,Unknown
93406,Unknown
93405,Unknown
93379,Unknown
93377,Unknown
93370,Unknown
93367,Unknown
93365,Unknown
93361,Unknown
93355,Unknown
93326,Silver
92465,Silver
92426,Silver
92419,Silver
92232,Silver
91951,Silver
91690,Silver
91689,Silver
91685,Silver
91682,Silver
91662,Silver
91655,Silver
91583,Silver
91562,Silver
91527,Silver
91279,Silver
90633,Silver
90620,Silver
90616,Silver
90482,Silver
90311,Silver
90305,Silver
90259,
90223,Silver
90126,Silver
90086,Silver
89720,Silver
89595,Silver
89562,Silver
89559,Silver
89540,Silver
89521,Silver
89520,Silver
89519,Silver
89517,Silver
89498,Silver
89486,Silver
89365,Silver
89364,Silver
89330,Silver
89167,Silver
89086,Silver
89071,Silver
88499,Silver
88351,Ivory
88350,Ivory
88349,Ivory
88347,Ivory
88345,Ivory
88344,Ivory
88336,Ivory
88335,Ivory
88322,Ivory
88318,Ivory
88315,Ivory
88314,Ivory
88312,Ivory
88309,Ivory
88308,Ivory
88307,Ivory
88304,Ivory
88302,Ivory
88299,Ivory
88294,Unknown
88286,Unknown
88285,Unknown
88282,Unknown
88279,Unknown
88278,Unknown
88274,Unknown
88272,Unknown
88262,Marble
88116,
87645,Watercolor
87622,
87621,
87620,
87618,Pastel
87606,
87589,
87581,
87547,Paper
87545,Paper
87539,Paper
87537,Paper
87505,Paper
87501,Paper
87492,Paper
87487,
87481,Paper
87479,Paper
87469,
87458,
87446,Paper
87443,Paper
87440,Ivory
87431,Silk
87430,Silk
87424,Silk
87410,Silk
87398,Silk
87394,Silk
87382,Silk
87380,Silk
87374,Silk
87370,Silk
87368,Silk
87366,
87351,Paper
87345,
87343,
87314,
87312,
87311,
87309,
87297,
87293,Ink
87292,Ink
87291,Ink
87290,Ink
87287,
87282,
87281,
87273,
87272,
87270,
87259,
87258,
87257,
87242,
87235,
87234,
87233,
87232,
87229,
87227,
87226,
87225,
87224,
87223,
87216,
87208,
87200,
87199,
87197,
87184,
87176,
87164,
87163,
87156,
87152,
87151,
87148,
87138,
87115,
87110,
87109,
87102,
87100,
87097,
87095,
87086,
87085,
87084,
87066,
87057,
87053,
87047,
87043,
87041,
87039,
87034,
87033,
87023,
87018,
87014,
86994,
86984,Paper
86981,Paper
86980,Paper
86978,Paper
86974,Paper
86951,Bronze
86841,
86832,
86816,Pastel
86814,Pastel
86807,Pastel
86787,Pastel
86779,Pastel
86773,
86762,Pastel
86753,Pastel
86742,Pastel
86737,Pastel
86735,Pastel
86734,Pastel
86733,Pastel
86729,Pastel
86728,Pastel
86726,Pastel
86716,Pastel
86714,Pastel
86710,Pastel
86709,
86702,Pastel
86701,Pastel
86695,Pastel
86694,Pastel
86693,Pastel
86682,Pastel
86679,Pastel
86677,Pastel
86674,Pastel
86671,Pastel
86662,Pastel
86659,Pastel
86656,Pastel
86652,Pastel
86651,Pastel
86647,
86644,
86642,
86607,
86567,Wood
86566,Wood
86565,Wood
86562,Wood
86559,Wood
86558,Wood
86459,Wood
86458,Wood
86457,Wood
86456,Wood
86454,Wood
86446,
86442,
86428,
86374,Silver
86369,Silver
86361,Silver
86356,Silver
86355,Silver
86352,Silver
86346,Silver
86342,Silver
86340,Silver
86334,Silver
86332,Silver
86321,Silver
86314,Silver
86311,Silver
86308,Silver
86305,Silver
86304,Silver
86302,Silver
86296,Silver
86294,Silver
86291,Silver
86288,Silver
86287,Silver
86268,Silver
86267,Silver
86266,Silver
86259,Silver
86256,Silver
86255,Silver
86242,Silver
86238,Silver
86232,Silver
86224,Silver
86216,Silver
86215,Silver
86202,Silver
86194,Silver
86186,Silver
86180,Silver
86165,Silver
86164,Silver
86152,Silver
86150,
86149,
86076,
86073,
86069,
86067,
86048,Silver
86004,Chromogenic
86000,Chromogenic
85998,Wood
85939,Albumen
85896,Albumen
85870,Albumen
85620,Silver
85614,Silver
85602,Wood
85598,
85591,
85583,
85577,
85551,
85546,
85543,
85538,
85537,
85530,
85523,
85519,
85508,
85481,Silver
85477,Silver
85467,Silver
85456,Silver
85452,Silver
85436,Silver
85433,
85432,
85430,
85413,
85394,
85393,
85392,
85389,
85387,
85386,
85385,
85383,
85373,
85367,Albumen
85363,Albumen
85349,Albumen
85347,Albumen
85128,
81859,Silver
81653,Silver
81518,Silver
81285,Silver
81245,
81238,Silver
81201,Unknown
81199,Unknown
81156,
81150,Silver
81143,Silver
81083,Silver
81060,Oil
81050,Oil
81036,Silver
81035,Silver
81009,Silver
81001,Silver
80981,Silver
80944,Chromogenic
80940,Wood
80466,Silver
80008,Silver
80003,Silver
80001,Silver
79999,Silver
79922,Silver
79921,Silver
79903,Silver
79902,Silver
79901,Silver
79899,Silver
79898,Silver
79896,Silver
79894,Silver
79893,Silver
79890,Silver
79882,Silver
79879,Silver
79875,Silver
79872,Silver
79869,Silver
79864,Silver
79863,Silver
79859,Silver
79854,Silver
79848,Silver
79833,Silver
79832,Silver
79829,Silver
79826,Silver
79813,Silver
79811,Silver
79630,Silver
79629,Silver
79621,Silver
79618,Silver
79612,Silver
79611,Silver
77951,Silver
77950,Silver
77941,Silver
77940,Silver
77888,Silver
77887,Silver
77884,Silver
77880,Silver
77879,Silver
77876,Silver
74247,Silver
74213,Silver
74211,Silver
74194,Silver
74192,Silver
74190,Silver
74187,Silver
74186,Silver
74182,Silver
74177,Silver
74174,Silver
74173,Silver
74171,Silver
74169,Silver
74164,Silver
74163,Silver
74159,Silver
74157,Silver
74126,Silver
74122,Silver
74120,Silver
74118,Silver
74115,Silver
74086,Silver
74085,Silver
74080,Silver
74075,Silver
74073,Silver
74070,Silver
74051,Silver
74038,Silver
74036,Silver
74033,Silver
74032,Silver
74024,Silver
74022,Silver
73879,
73867,
73747,Silver
73742,Silver
73729,Silver
73727,Silver
73705,Silver
73702,Silver
73701,Silver
73688,
73678,
73675,
73674,
73661,Silver
73658,Silver
73657,Silver
73654,Silver
73634,Silver
73632,Silver
73626,Silver
73625,Silver
73624,Silver
73623,Silver
73621,Silver
73614,Silver
73613,Silver
73606,Silver
73596,Silver
73594,Silver
73590,Silver
73586,Silver
73583,Silver
73582,Silver
73580,Silver
73579,Silver
73573,Silver
73569,Silver
73565,Silver
73564,Silver
73553,Silver
73549,Silver
73548,Silver
73545,Silver
73543,Silver
73500,Silver
73494,Silver
73426,Silver
73423,Silver
73421,Silver
73418,Silver
73417,Silver
73416,Silver
73405,Silver
73404,Silver
73403,Silver
73389,Silver
73378,Silver
73374,Silver
73370,Silver
73368,Silver
73367,Silver
73363,Silver
73357,Silver
73355,Silver
73352,Silver
73344,Silver
73343,Silver
73338,Silver
73333,Silver
73325,Silver
73220,Silver
73219,Silver
73038,
72968,
72922,
72907,
72863,
72857,Silver
72852,Silver
72851,Silver
72845,Silver
72837,Silver
72836,Silver
72835,Silver
72833,Silver
72778,Silver
72773,Silver
72769,Silver
72764,Silver
72762,Silver
72751,Silver
72746,Silver
72732,Silver
72721,Silver
72716,Silver
72715,Silver
72705,Silver
72698,Silver
72693,Silver
72686,Silver
72682,Silver
72677,Silver
72659,Silver
72655,Silver
72652,Silver
72645,Silver
72644,Silver
72643,Silver
72636,Silver
72634,Silver
72633,Silver
72629,Silver
72620,Silver
72610,Silver
72605,Silver
72604,Silver
72602,Silver
72591,Silver
72590,Silver
72574,Silver
72570,Silver
72565,Silver
72564,Silver
72563,Silver
72561,Silver
72437,Unknown
72360,Silver
71763,Silver
71750,Silver
71743,Silver
71737,Silver
71733,Silver
71732,Silver
71726,Silver
71723,Silver
71722,Silver
71716,Silver
71714,Silver
71710,Silver
71704,Silver
71702,Silver
71701,Silver
71699,Silver
71697,Silver
71684,Silver
71676,Silver
71670,Silver
71666,Silver
71661,Silver
71658,Silver
71656,Silver
71653,Silver
71650,Silver
71648,Silver
71644,Silver
71642,Silver
71641,Silver
71615,Silver
71614,Silver
71613,Silver
71612,Silver
71607,Silver
71580,Silver
71579,Silver
71563,Silver
71550,Silver
71542,Silver
71534,Silver
71528,Silver
71525,Silver
71524,Silver
71440,Unknown
71434,Unknown
71433,Unknown
71432,
71431,Unknown
71427,Unknown
71422,Unknown
71418,Unknown
71417,Unknown
71415,Unknown
71414,Unknown
71407,Unknown
71404,Unknown
71403,Unknown
71398,Unknown
71397,
71392,Unknown
71391,Unknown
71387,Unknown
71381,Unknown
71375,Unknown
71374,Unknown
71361,Silver
71358,Silver
71356,Silver
71354,Silver
71337,Silver
71332,Silver
71326,Silver
71324,Silver
71323,Silver
71317,Silver
71316,Silver
71312,Silver
71309,Silver
71308,Silver
71298,Silver
71292,Silver
71291,Silver
71287,Silver
71285,Silver
71279,Silver
71271,Silver
71262,Silver
71254,Silver
71252,Silver
71251,Silver
71246,Silver
71244,Silver
71235,Silver
71231,Silver
71230,Silver
71222,Silver
71221,Silver
71220,Silver
71213,Silver
71210,Silver
71207,Silver
71194,Silver
71179,Silver
71175,Silver
71174,Silver
71173,Silver
71172,Silver
71170,Silver
71161,Silver
71158,Silver
71155,Silver
71146,Silver
71134,Silver
71130,Silver
71126,Silver
71124,Silver
71120,Silver
71115,Silver
71113,Silver
71112,Silver
71106,Silver
71103,Silver
71091,Silver
71089,Silver
71085,Silver
71078,Silver
71074,Silver
71068,Silver
71066,Silver
71062,Silver
71053,Silver
71051,Silver
71048,Silver
71039,Silver
71036,Silver
71034,Silver
71030,Silver
71026,Silver
71025,Silver
71024,Silver
71023,Silver
71018,Silver
71010,Silver
71006,Silver
71002,Silver
70998,Silver
70992,Silver
70988,Silver
70979,Silver
70978,Silver
70972,Silver
70969,Silver
70960,Silver
70942,Silver
70939,Silver
70930,Silver
70916,Silver
70912,Silver
70909,Silver
70900,Silver
70896,Silver
70812,Silver
70805,Silver
70801,Silver
70797,Silver
70794,Silver
70790,Silver
70788,Silver
70783,Silver
70780,Silver
70779,Silver
70772,
70767,Silver
70762,Silver
70758,Silver
70757,Silver
70746,Silver
70745,Silver
70738,Silver
70732,Silver
70730,Silver
70726,Silver
70720,Silver
70708,Silver
70685,Silver
70682,Silver
70663,Silver
70646,Silver
70643,Silver
70636,Silver
70633,Silver
70632,Silver
70631,Silver
70629,Silver
70624,Silver
70623,Silver
70618,Silver
70615,Silver
70612,Silver
70576,Silver
70573,Silver
70567,Silver
70564,Silver
70562,Silver
70561,Silver
70556,Silver
70555,Silver
70554,Silver
70535,Silver
70533,Silver
70532,Silver
70531,Silver
70529,Silver
70527,Silver
70513,Silver
70512,Silver
70510,Silver
70505,Silver
70502,Silver
70497,Silver
70495,Silver
70478,Silver
70477,Silver
70469,Silver
70468,Silver
70453,Silver
70442,Silver
70430,Silver
70412,Silver
70409,Silver
70404,Silver
70401,Silver
70400,Silver
70390,Silver
70389,Silver
70383,Silver
70381,Silver
70373,Silver
70366,Silver
70346,Silver
70345,Silver
70344,Silver
70337,Silver
70335,Silver
70330,Silver
70326,Silver
70321,Silver
70320,Silver
70317,Silver
70307,Silver
70306,Silver
70300,Silver
70292,Silver
70289,Silver
70285,Silver
70284,Silver
70280,Silver
70278,Silver
70275,Silver
70273,Silver
70272,Silver
70269,Silver
70266,Silver
70262,Silver
70250,Silver
70247,Silver
70243,Silver
70236,Silver
70210,Silver
70208,Silver
70194,Silver
70186,Silver
70185,Silver
70172,Silver
70163,Silver
70161,Silver
70147,Silver
70145,Silver
70142,Silver
70137,Silver
70132,Silver
70129,Silver
70124,Silver
70122,Silver
70105,Silver
70096,Silver
70095,Silver
70069,Silver
70058,Silver
70056,Silver
70055,Silver
70054,Silver
70049,Silver
70046,Silver
70042,Silver
70039,Silver
70029,Silver
70025,Silver
70022,Silver
70017,Silver
70015,Silver
70014,Silver
70012,Silver
70011,Silver
70005,Silver
69997,Silver
69992,Silver
69986,Silver
69981,Silver
69979,Silver
69977,Silver
69967,Silver
69965,Silver
69961,Silver
69960,Silver
69957,Silver
69954,Silver
69953,Silver
69952,Silver
69951,Silver
69931,Silver
69921,Silver
69915,Silver
69910,Silver
69905,Silver
69901,Silver
69896,Silver
69895,Silver
69886,Silver
69883,Silver
69879,Silver
69871,Silver
69866,Silver
69863,Silver
69861,Silver
69849,Silver
69848,Silver
69835,Silver
69819,Silver
69814,Silver
69813,Silver
69807,Silver
69804,Silver
69800,Silver
69795,Silver
69768,Silver
69764,Silver
69757,Chromogenic
69754,Chromogenic
69752,Chromogenic
69751,Chromogenic
69741,Silver
69737,Silver
69729,Silver
69722,Silver
69720,Silver
69716,Silver
69707,Silver
69700,Silver
69687,Silver
69679,Silver
69674,Silver
69671,Silver
69670,Silver
69661,Silver
69660,Silver
69659,Silver
69650,Silver
69645,Silver
69640,Silver
69634,Silver
69633,Silver
69631,Silver
69624,Silver
69623,Silver
69622,Silver
69608,Silver
69604,Silver
69603,Silver
69596,Silver
69593,Silver
69588,Silver
69587,Silver
69584,Silver
69578,Silver
69569,Silver
69567,Silver
69565,Silver
69561,Silver
69555,Silver
69540,Silver
69525,Silver
69521,Silver
69510,Silver
69497,Silver
69495,Silver
69490,Silver
69485,Silver
69477,Silver
69474,Silver
69465,Silver
69461,Silver
69459,Silver
69454,Silver
69452,Silver
69449,Silver
69443,Silver
69439,Silver
69421,Silver
69418,Silver
69414,Silver
69403,Silver
69399,Silver
69397,Silver
69395,Silver
69390,Silver
69381,Silver
69379,Silver
69373,Silver
69362,Silver
69355,Silver
69344,Silver
69342,Silver
69338,Silver
69326,Silver
69321,Silver
69315,Silver
69300,Silver
69299,Silver
69298,Silver
69296,Silver
69286,Silver
69284,Silver
69283,Silver
69274,Silver
69271,Silver
69267,Silver
69266,Silver
69264,Silver
69258,Silver
69257,Silver
69255,Silver
69254,Silver
69251,Silver
69248,Silver
69238,Silver
69229,Silver
69224,Silver
69220,Silver
69215,Silver
69203,Silver
69196,Silver
69194,Silver
69193,Silver
69189,Silver
69188,Silver
69181,Silver
69168,Silver
69164,Silver
69159,Silver
69152,Silver
69147,Silver
69142,Silver
69141,Silver
69135,Silver
69133,Silver
69130,Silver
69128,Silver
69125,Silver
69121,Silver
69112,Silver
69109,Silver
69106,Silver
69104,Silver
69097,Silver
69084,Silver
69079,Silver
69078,Silver
69072,Silver
69071,Silver
69069,Silver
69068,Silver
69058,Silver
69043,Silver
69042,Silver
69041,Silver
69037,Silver
69025,Silver
69014,Silver
69002,Silver
68986,Silver
68982,Silver
68979,Silver
68972,Silver
68955,Silver
68949,Silver
68947,Silver
68940,Silver
68939,Silver
68924,Silver
68922,Silver
68906,Silver
68900,Silver
68898,Silver
68895,Silver
68887,Silver
68875,Silver
68865,Silver
68863,Silver
68856,Canvas
68844,Silver
68839,Silver
68833,Silver
68826,Silver
68815,Silver
68812,Silver
68810,Silver
68806,Silver
68796,Silver
68790,Silver
68788,Silver
68786,Silver
68782,Silver
68772,Silver
68770,Silver
68768,Silver
68765,Silver
68763,Silver
68759,Silver
68758,Silver
68757,Silver
68756,Silver
68755,Silver
68753,Silver
68740,Silver
68734,Silver
68719,Silver
68715,Silver
68711,Silver
68710,Silver
68708,Silver
68673,Silver
68672,Silver
68667,Silver
68664,Silver
68663,Silver
68650,Silver
68648,Silver
68647,Silver
68644,Silver
68642,Silver
68640,Silver
68639,Silver
68637,Silver
68636,Silver
68630,Silver
68627,Silver
68608,Silver
68607,Silver
68605,Silver
68603,Silver
68595,Silver
68593,Silver
68582,Silver
68578,Albumen
68572,Paper
68560,Silver
68559,Silver
68554,Silver
68547,Silver
68535,Silver
68531,Silver
68524,Silver
68518,Silver
68510,Silver
68504,Silver
68502,Silver
68498,Silver
68491,Silver
68490,Silver
68486,Silver
68484,Silver
68483,Silver
68475,Silver
68467,Silver
68466,Silver
68465,Silver
68463,Silver
68459,Silver
68454,Silver
68450,Silver
68443,Silver
68442,Silver
68434,Silver
68429,Silver
68426,Silver
68422,Silver
68415,Silver
68403,Silver
68394,Silver
68392,Silver
68391,Silver
68387,Silver
68385,Silver
68375,Silver
68368,Ceramic
68360,Silver
68350,Silver
68347,Silver
68345,Silver
68344,Silver
68333,Silver
68331,Silver
68319,Silver
68317,Silver
68313,Silver
68309,Silver
68307,Silver
68299,Silver
68295,Silver
68287,Silver
68281,Silver
68275,Silver
68274,Silver
68272,Silver
68256,Silver
68234,Silver
68218,Silver
68206,Silver
68203,Silver
68199,Silver
68189,Silver
68187,Silver
68185,Silver
68173,Silver
68172,Silver
68156,Silver
68145,Silver
68143,Silver
68140,Silver
68133,Silver
68132,Silver
68125,Silver
68120,Silver
68118,Silver
68116,Silver
68109,Silver
68106,Silver
68104,Silver
68092,Silver
68091,Silver
68090,Silver
68087,Silver
68085,Silver
68080,Silver
68070,Silver
68066,Silver
68059,Silver
68058,Silver
68051,Silver
68045,Silver
68039,Silver
68029,Silver
68022,Silver
68020,Silver
68009,Silver
68004,Silver
67992,Silver
67990,Silver
67974,Silver
67971,Silver
67954,Silver
67953,Silver
67951,Silver
67938,Silver
67935,Silver
67925,Silver
67916,Silver
67911,Silver
67908,Silver
67895,Silver
67893,Silver
67884,Silver
67875,Silver
67870,Silver
67857,Silver
67852,Silver
67839,Silver
67838,Silver
67837,Silver
67830,Silver
67824,Silver
67818,Silver
67806,Silver
67796,Silver
67795,Silver
67794,Silver
67773,Silver
67771,Silver
67770,Silver
67769,Silver
67768,Silver
67767,Silver
67766,Silver
67750,Silver
67748,Silver
67737,Silver
67736,Silver
67722,Silver
67718,Silver
67713,Silver
67711,Silver
67710,Silver
67700,Silver
67699,Silver
67690,Silver
67685,Silver
67684,Silver
67682,Silver
67676,Silver
67666,Silver
67665,Silver
67662,Silver
67660,Silver
67653,Silver
67646,Silver
67643,Silver
67637,Silver
67636,Silver
67633,Silver
67628,Silver
67626,Silver
67625,Silver
67624,Silver
67623,Silver
67621,Silver
67618,Silver
67595,Silver
67594,Silver
67589,Silver
67587,Silver
67586,Silver
67584,Silver
67574,Silver
67573,Silver
67569,Silver
67568,Silver
67567,Silver
67563,Silver
67555,Silver
67554,Silver
67546,Silver
67543,Silver
67539,Silver
67537,Silver
67535,Silver
67528,Silver
67525,Silver
67524,Silver
67522,Silver
67521,Silver
67520,Silver
67510,Silver
67506,Silver
67502,Silver
67501,Silver
67495,Silver
67488,Silver
67487,Silver
67477,Silver
67467,Silver
67461,Silver
67458,Silver
67457,Silver
67446,Silver
67445,Silver
67444,Silver
67423,Silver
67421,Silver
67418,Silver
67410,Silver
67406,Silver
67399,Silver
67391,Silver
67390,Silver
67389,Silver
67386,Silver
67383,Silver
67380,Silver
67372,Silver
67368,Silver
67365,Silver
67364,Silver
67362,Silver
67359,Silver
67346,Silver
67340,
67336,
67333,
67305,
67295,
67293,
67291,
67287,
67286,
67284,
67283,
67274,
67259,
67257,
67255,
67250,
67243,
67241,
67238,
67221,
67219,
67210,
67209,
65857,Silver
65722,
65653,Silver
65650,
65645,Silver
65642,Silver
65641,Silver
65640,Silver
65587,
65582,
65580,
65578,
65576,
65569,
65568,
65567,
65544,Silver
65540,Silver
65530,
65519,Silver
65518,Silver
65515,Silver
65510,Silver
65507,Silver
65503,Silver
65499,Silver
65493,Silver
65490,Silver
65486,Silver
65480,Silver
65477,Silver
65476,Silver
65474,Silver
65466,Silver
65456,Silver
65451,Silver
65449,Silver
65448,Silver
65433,Silver
65420,Silver
65418,Silver
65417,Silver
65416,Silver
65297,
65292,
65289,
65287,
65285,
65283,
65272,
65254,
65250,
65247,
65243,
65221,
65204,
65198,
65193,Ink
65191,Ink
65190,Ink
65186,Ink
65185,Ink
65181,Ink
65173,Ink
65171,Ink
65167,Earthenware
65151,
65141,Unknown
65136,Unknown
65135,Unknown
65128,Unknown
65124,Unknown
65106,Unknown
65096,
65094,
65084,
65078,Silver
65075,Unknown
65072,Unknown
65068,Unknown
65066,Unknown
65063,Unknown
65058,Unknown
65056,Unknown
65043,Unknown
65041,Unknown
65040,Unknown
65032,Unknown
65029,Unknown
65027,Unknown
65019,Unknown
65017,Unknown
65015,Unknown
65009,Unknown
65003,Unknown
64697,Oil
64684,Silk
64681,Oil
64675,Paper
64674,Chromogenic
64672,Chromogenic
64633,Albumen
64632,Albumen
64627,Albumen
64626,Albumen
64620,Albumen
64616,Albumen
64614,Albumen
64612,Albumen
64603,Albumen
64601,Albumen
64594,
64588,Albumen
64581,Albumen
64578,Albumen
64574,Albumen
64573,Silver
64568,Albumen
64563,Albumen
64561,Albumen
64559,Albumen
64550,Albumen
64540,Albumen
64535,Albumen
64533,Albumen
64528,Albumen
64513,Albumen
64512,Albumen
64509,Albumen
64508,Albumen
64491,Albumen
64490,Albumen
64486,Albumen
64483,Albumen
64480,Albumen
64476,Albumen
64475,Albumen
64471,Albumen
64463,Albumen
64462,Albumen
64460,Albumen
64450,Albumen
64449,Albumen
64446,Albumen
64437,Albumen
64431,Albumen
64429,Albumen
64417,Ink
64413,Ink
64411,Ink
64371,
64353,
64344,Silver
64343,Silver
62942,Silver
62941,Silver
62934,Silver
62927,Silver
62916,
62908,Bronze
62873,Cotton
62856,Porcelain
62845,Wood
62766,Stone
62756,Stone
62752,Stone
62750,Stone
62747,Stone
62746,Stone
62731,Wood
62725,Stone
62721,Stone
62717,Stone
62702,Stone
62692,Stone
62687,
62677,Unknown
62667,Wood
62666,Wood
62663,Wood
62660,Wood
62659,Wood
62650,Wood
62644,Wood
62643,Wood
62641,Wood
62634,Wood
62631,Wood
62627,Wood
62618,
62616,Wood
62611,Wood
62605,Wood
62597,Wood
62596,Wood
62590,Wood
62568,Wood
62567,Wood
62548,Wood
62539,
62521,Wood
62362,Ink
62341,Ink
62337,Ink
62332,Ink
62331,Ink
62327,Ink
62310,Ink
62304,Ink
62300,Ink
62294,Ink
62285,Ink
62270,Ink
62258,Ink
62257,Ink
62253,Ink
62249,Ink
62246,Ink
62233,Wood
62220,Ink
62219,Ink
62217,Ink
62211,Wood
62210,Ink
62198,Ink
62196,Ink
62188,Ink
62181,Ink
62180,Ink
62174,Ink
62170,Ink
62169,Ink
62162,Ink
62142,Ink
62106,Ink
62104,Ink
62098,Ink
62093,Ink
62091,Ink
62073,Ink
62071,Ink
62068,Ink
62067,Ink
62066,Ink
62062,Ink
62061,Ink
62050,Ink
62046,Ink
62044,Ink
62038,Ink
62037,Ink
62031,Ink
62021,Gold
62008,Ink
62001,Ink
61998,Ink
61993,Ink
61985,Ink
61983,Ink
61981,Ink
61980,Ink
61977,Ink
61920,Wood
61910,
61906,Ink
61901,Ink
61895,Ink
61894,Ink
61891,Ink
61887,Silk
61883,Silk
61873,Ink
61871,Ink
61865,Ink
61852,Ink
61832,Stone
61829,Ink
61828,Ink
61825,Ink
61824,Ink
61821,Ink
61814,Ink
61811,Ink
61808,Silk
61792,Ink
61785,Silk
61781,Silk
61780,Silk
61775,Ink
61772,Ink
61762,Ink
61735,Ink
61732,Ink
61731,Ink
61728,Silk
61726,Silk
61725,Silk
61721,Silk
61717,Ink
61711,Ink
61709,Ink
61700,Ink
61699,Ink
61693,Silk
61692,Silk
61688,Silk
61674,Silk
61672,Silk
61661,Ink
61652,Ink
61651,Ink
61650,Ink
61642,Ink
61641,Ink
61637,Ink
61636,Ink
61631,Ink
61626,Ink
61625,Ink
61620,Ink
61613,Ink
61604,Ink
61506,Wood
61504,Wood
61472,Wood
61451,Ceramic
61272,Ink
61136,Glass
61108,Porcelain
61099,Cotton
61091,Wood
61053,Terracotta
61052,Ink
61013,Glass
60801,Ink
60788,Silver
60785,
60758,Albumen
60606,
60599,Silver
60598,Silver
60586,Ink
60582,Tempera
60580,Tempera
60558,Stone
60542,
60531,Acrylic
60526,Acrylic
60525,
60494,
60488,
60482,
60474,Wood
60451,
60446,Silver
60433,Brass
60423,Silk
60415,Silk
60407,Silk
60405,Silk
60395,Silk
60381,Silk
60376,Silk
60375,Silk
60373,Silk
60369,Silk
60367,Silk
60366,Silk
60365,Silk
60356,Silk
60354,Silk
60353,Silk
60329,Silk
60328,Silk
60322,Silk
60320,Silk
60314,Silk
60304,Silk
60301,Silk
60295,Silk
60293,Silk
60290,Silk
59960,Bronze
59959,Bronze
59953,Terracotta
59933,Glass
59932,Glass
59930,Glass
59917,Terracotta
59905,Terracotta
59896,Terracotta
59893,Terracotta
59892,Terracotta
59883,Terracotta
59877,Terracotta
59875,Terracotta
59873,Terracotta
59863,Terracotta
59862,Terracotta
59861,Terracotta
59860,Terracotta
59857,Terracotta
59852,Terracotta
59846,Terracotta
59833,Terracotta
59829,Terracotta
59824,Terracotta
59822,Terracotta
59817,Terracotta
59810,Bronze
59808,Bronze
59803,Bronze
59802,Bronze
59790,Bronze
59789,Bronze
59783,Bronze
59779,Bronze
59772,
59766,Silver
59722,
59636,Glass
59632,Glass
59630,Glass
59614,Glass
59607,Stone
59602,
59601,
59595,
59588,
59583,Glass
59581,Glass
59579,Glass
59576,Glass
59575,Glass
59569,Glass
59567,Glass
59563,Glass
59562,Glass
59561,Glass
59557,Glass
59556,Glass
59555,Glass
59552,Glass
59542,Glass
59540,Glass
59539,Glass
59530,Bronze
59528,Bronze
59522,Bronze
59517,
59515,
59514,
59508,
59496,Bronze
59491,Ceramic
59485,Ceramic
59481,Ceramic
59480,Ceramic
59473,Ceramic
59469,Ceramic
59456,Ceramic
59453,Ceramic
59450,Ceramic
59447,Ceramic
59443,Ceramic
59426,Ceramic
59421,Ceramic
59416,Ceramic
59412,Wood
59408,Wood
59405,Ceramic
59393,Ceramic
59390,Ceramic
59388,Ceramic
59385,Ceramic
59384,Ceramic
59383,Ceramic
59371,Ceramic
59360,Bronze
59351,Bronze
59344,Bronze
59339,Bronze
59330,Glass
59324,Glass
59322,Glass
59309,Ceramic
59119,Ceramic
59105,Glass
59092,Ceramic
59088,Ceramic
59082,Ceramic
59080,Ceramic
58896,
58890,Ink
58874,Silver
58866,Silver
58860,Silver
58412,Tempera
58406,Silver
58405,Silver
58399,Silver
58384,Silver
58383,Silver
58346,Silver
58340,Silver
58323,Pastel
58321,Albumen
58307,Bronze
58287,Ink
58280,Ink
58279,Ink
58278,Ink
58275,Ink
58274,Ink
58269,Ink
58265,Ink
58152,Silver
58150,Silver
58143,Silver
58135,Silver
58122,Silver
58120,Silver
58118,Silver
58115,Silver
58107,Silver
58103,Silver
58098,Silver
58096,Silver
58095,Silver
58094,Silver
58085,Silver
58080,Chromogenic
58071,Chromogenic
58058,Silver
58057,Silver
58046,
58045,Porcelain
57988,Wood
57960,Gouache
57947,Ceramic
57946,Ceramic
57933,
57920,
57917,
57896,Albumen
57894,Albumen
57873,Silver
57869,Silver
57862,Ink
57853,Ink
57839,Ink
57837,Ink
57835,Ink
57833,Ink
57832,Ink
57829,Ink
57826,Ink
57825,Ink
57819,Ink
57804,Ink
57803,Ink
57798,Ink
57780,Ink
57775,Ink
57752,Granite
57751,Acrylic
57725,Wood
57717,Wood
57695,Ink
57683,Ink
57678,Ink
57674,Ink
57670,Ink
57660,Ink
57658,Ink
57656,Ink
57655,Ink
57654,Ink
57643,Ink
57642,Ink
57632,Ink
57624,Ink
57613,Ink
57610,Ink
57609,Ink
57607,Ink
57603,Ink
57584,Ink
57573,Ink
57555,Ink
57528,Ink
57520,Ink
57517,Ink
57511,Ink
57509,Ink
57508,Ink
57496,Ink
57473,Ink
57471,Ink
57385,Glass
57383,Glass
57374,Glass
57371,Glass
57369,Glass
57367,Glass
57348,Glass
57346,Glass
57344,Glass
57343,Glass
57341,Glass
57339,Glass
57233,Albumen
57232,Albumen
57211,
57165,Chromogenic
57130,
57122,Marble
57118,Ink
57117,Oil
57108,Ink
57080,Porcelain
57039,Silver
57035,Silver
57021,Chromogenic
57020,Silver
57012,Silver
57010,Silver
57007,Silver
56998,Silver
56991,Silver
56980,Silver
56973,Silver
56966,Silver
56964,Silver
56954,Silver
56949,Silver
56946,Silver
56944,Silver
56939,Silver
56933,Silver
56926,Silver
56923,Silver
56911,Silver
56899,Silver
56898,Silver
56894,Silver
56892,Silver
56891,Silver
56889,Silver
56887,Silver
56884,Silver
56875,Silver
56874,Silver
56872,Silver
56867,Silver
56865,Silver
56862,Silver
56844,Chromogenic
56841,Silver
56839,Silver
56837,Silver
56834,Silver
56826,Silver
56822,Silver
56819,Silver
56815,Silver
56802,Silver
56800,Silver
56793,Silver
56789,Silver
56788,Silver
56787,Silver
56779,Silver
56778,Silver
56777,Silver
56774,Silver
56763,Silver
56755,Silver
56754,Silver
56753,Silver
56751,Silver
56744,Silver
56741,Silver
56734,Silver
56733,Silver
56729,Silver
56728,Silver
56721,Silver
56718,Silver
56714,Silver
56710,Silver
56706,Silver
56695,Silver
56694,Silver
56684,Silver
56683,Silver
56675,Silver
56665,Silver
56656,Silver
56653,Silver
56647,Silver
56633,Silver
56630,Silver
56626,Silver
56622,Silver
56609,Silver
56607,Silver
56606,Silver
56605,Silver
56604,Silver
56601,Silver
